Price,Close,High,Low,Open,Volume,MA_10,MA_50,Daily_Return,Volatility,Target
2020-03-13,67.1029281616211,67.57366791219874,61.06301183278901,63.94537376560975,370732000,68.21966781616212,73.73339080810547,0.11980832420033649,0.0742679595865438,0
2020-03-16,58.4703483581543,62.542820889319664,57.93684495675963,58.40758108532822,322423600,66.85332450866699,73.45612007141114,-0.1286468420971847,0.07777216016790568,1
2020-03-17,61.041290283203125,62.1879532458274,57.55059398806874,59.74978006097213,324056000,65.97316551208496,73.24433311462403,0.04397001210426832,0.07994541527553672,0
2020-03-18,59.5470085144043,60.350882714180244,57.2416040580175,57.88132562490314,300233600,64.61961822509765,72.99124496459962,-0.024479852274846392,0.07744699213714204,0
2020-03-19,59.09075164794922,61.03646337436918,58.56690646649194,59.72081496454535,271857200,63.45750274658203,72.73582305908204,-0.0076621290949436816,0.07731443572210601,0
2020-03-20,55.33934020996094,60.79264444451166,55.03999854094989,59.67011594836406,401693200,62.0141487121582,72.38225357055664,-0.06348559348742822,0.07880004899150338,0
2020-03-23,54.1637077331543,55.16070547027294,51.32480360482342,55.05931643178171,336752800,61.00508155822754,71.97415153503418,-0.021244063849446326,0.07606444806789432,1
2020-03-24,59.59770584106445,59.793242114858536,56.56084893172045,57.05813962396852,287531200,60.07664489746094,71.67135818481445,0.10032544549353184,0.0800561234642878,0
2020-03-25,59.26939392089844,62.34245973328567,58.97488132854125,60.53193331315153,303602000,59.35460586547852,71.33006393432618,-0.005508801312613554,0.07964583024512553,1
2020-03-26,62.38832092285156,62.446255405203736,59.472166210481355,59.51079165439952,252087200,59.60107955932617,71.07176376342774,0.05262289346362614,0.07484070380078552,0
2020-03-27,59.805301666259766,61.767909526223264,59.638732669554486,61.01473181958192,204216800,58.87131690979004,70.76825736999511,-0.0414022884152615,0.06436846637255741,1
2020-03-30,61.512020111083984,61.683418202528024,60.206026401052306,60.529509863529455,167976400,59.175484085083006,70.4801008605957,0.02853791214612489,0.04953783563186608,0
2020-03-31,61.386497497558594,63.366005560924876,60.833685075362965,61.70273919270683,197002000,59.210004806518555,70.1726235961914,-0.002040619269188526,0.047740742475734635,0
2020-04-01,58.15652084350586,60.04188167908633,57.726822887688364,59.50596558883749,176218400,59.07095603942871,69.81095069885254,-0.05261705400574768,0.050211629326348525,1
2020-04-02,59.126953125,59.18006218576405,57.1884834576866,58.01891202578832,165934000,59.074576187133786,69.46324333190918,0.016686560121185634,0.050455770773208945,0
2020-04-03,58.27721786499024,59.31283722451452,57.68819275537644,58.6127685713981,129880000,59.36836395263672,69.09117233276368,-0.01437136897978386,0.04561958387933055,1
2020-04-06,63.36117172241211,63.51566611882468,60.20120105165565,60.568131689303875,201820400,60.2881103515625,68.82521125793457,0.0872374153000881,0.05097856205815297,0
2020-04-07,62.62731552124024,65.58934152567265,62.52351377225885,65.37207245676143,202887200,60.59107131958008,68.58965698242187,-0.011582112218298635,0.0421623069490436,1
2020-04-08,64.2302474975586,64.54406918127975,63.061855141740836,63.426369510698045,168895200,61.08715667724609,68.34406387329102,0.02559477382955544,0.04238561512310535,1
2020-04-09,64.6937255859375,65.19584902236409,63.89951332637289,64.86512738575412,161834800,61.31769714355469,68.0757096862793,0.00721588513879734,0.039512018343956644,1
2020-04-13,65.96350860595703,66.07214313145124,64.17229133387406,64.77097468626023,131022800,61.93351783752441,67.83501495361328,0.01962760698226873,0.036242095360392176,1
2020-04-14,69.29486083984375,69.58454794114515,67.12222968123038,67.59296937908287,194994800,62.71180191040039,67.73011444091797,0.050502956927095166,0.03808054721780271,0
2020-04-15,68.6623764038086,69.12104145125336,67.74504630891909,68.17232773147242,131154400,63.43938980102539,67.61665802001953,-0.00912743641259306,0.03844797960715444,1
2020-04-16,69.20796966552734,69.57249130619873,68.16027936470277,69.37453866907585,157125200,64.54453468322754,67.46503204345703,0.007946029402042143,0.03124916636909014,0
2020-04-17,68.26891326904297,69.27074378183441,66.83497575491855,68.72516946310567,215250000,65.45873069763184,67.28210159301757,-0.013568616461698046,0.032813067410009215,0
2020-04-20,66.85188293457031,67.99854979022932,66.83257389218826,67.09811926901436,130015200,66.31619720458984,67.05272018432618,-0.020756597206817107,0.03350188397907795,0
2020-04-21,64.78544616699219,66.92911009651182,64.07571939662287,66.69494844279068,180991600,66.45862464904785,66.80330200195313,-0.030910674118193482,0.024566806645905725,1
2020-04-22,66.65151977539062,67.08604320648949,65.7100474299754,66.05041994300701,116862400,66.8610450744629,66.58386627197265,0.028803901474853122,0.025304167865176013,0
2020-04-23,66.39318084716797,68.01541208855834,66.35455541677206,66.59595883146082,124814400,67.07733840942383,66.36863037109374,-0.003875964555545508,0.024542114118643543,1
2020-04-24,68.3099594116211,68.3196176159111,66.8687799957314,66.91706365013007,126161200,67.43896179199218,66.15508544921875,0.02887011196022371,0.025820040846808223,1
2020-04-27,68.35823822021484,68.68895986495261,67.58091858862758,68.02750920842628,117087600,67.67843475341797,65.95375503540039,0.0007067609029429711,0.025379694106757333,0
2020-04-28,67.25019836425781,69.00037411858965,67.15847120269908,68.81932145434843,112004800,67.47396850585938,65.7298779296875,-0.016209309730708665,0.0199421157865845,1
2020-04-29,69.45905303955078,69.92737656274731,68.53206419889801,68.73484231712963,137280800,67.55363616943359,65.57890426635743,0.0328453257985768,0.022692621839991798,1
2020-04-30,70.92435455322266,71.10058178322025,69.60870972779222,69.99736587702316,183064000,67.72527465820312,65.43493103027343,0.021095903982991437,0.02348231944394707,0
2020-05-01,69.78250122070312,72.17963585405194,69.00518177066984,69.10174168301795,240616800,67.87663345336914,65.284150390625,-0.016099594274949225,0.023689872761030167,1
2020-05-04,70.76985931396484,70.89780288941466,69.11866006272429,69.80666159250394,133568000,68.2684310913086,65.1881202697754,0.014149078579728469,0.02242910482745266,1
2020-05-05,71.83202362060547,72.66245223551824,71.08367131021836,71.2285148811078,147751200,68.97308883666992,65.185126953125,0.01500871016188432,0.01838241207562128,1
2020-05-06,72.57315063476562,73.20321036598678,72.14827802802382,72.53210878963873,142333600,69.56525192260742,65.24571975708008,0.010317501537678408,0.017234119515908666,1
2020-05-07,73.32390594482422,73.66911859215423,72.89662434827942,73.19837876119128,115215200,70.25832443237304,65.29926330566406,0.010344808010842366,0.016660018465199107,1
2020-05-08,75.06912994384766,75.1223827731926,73.65551811313698,73.98229650289032,133838400,70.9342414855957,65.48007232666015,0.023801568895370995,0.01609307135319659,1
2020-05-11,76.25035858154297,76.7441494175839,74.36957144120983,74.57774424961227,145946400,71.72345352172852,65.6852781677246,0.015735211512094116,0.015870889346443373,0
2020-05-12,75.37895965576172,77.38319101183461,75.25793117438776,76.93296121988755,162301200,72.53632965087891,65.75018173217774,-0.011428128890034861,0.015005216519565804,0
2020-05-13,74.46885681152344,76.47793494369824,73.39412281961201,75.55811363681241,200622400,73.03731002807618,65.84270126342773,-0.012073698660667542,0.014650195887219658,1
2020-05-14,74.92633056640625,74.98684482021679,72.98745151047878,73.7087840752181,158929200,73.43750762939453,65.87957824707031,0.006143155333250938,0.013799683560168191,0
2020-05-15,74.48334503173828,74.52933644505968,72.66791783323735,72.70180935336562,166348400,73.90759201049805,65.95500701904297,-0.00591228118765752,0.012316971411390936,1
2020-05-18,76.2382583618164,76.611028150083,75.11511790410643,75.80498172029709,135178400,74.45443191528321,66.08431457519531,0.023561150876485693,0.013279230470041243,0
2020-05-19,75.7977294921875,77.0999898949941,75.76626090152799,76.25521336264156,101729600,74.8510025024414,66.31518157958985,-0.005778317594011817,0.013604880547354543,1
2020-05-20,77.2718505859375,77.34204178986873,76.61587086677298,76.65460086911052,111504800,75.3208724975586,66.48297714233398,0.01944809037983042,0.01425703301848267,0
2020-05-21,76.69576263427734,77.67367499164858,76.45854411277335,77.1338852173559,102688800,75.6580581665039,66.68709671020508,-0.00745534042852336,0.014808133194271138,1
2020-05-22,77.18953704833984,77.27183551713587,76.33265345783,76.43431323052285,81803200,75.87009887695312,67.03241577148438,0.006438092498239456,0.013242190101481857,0
2020-05-26,76.6667251586914,78.48456841631166,76.61104938291827,78.30544857938091,125522000,75.91173553466797,67.22369171142579,-0.006773092696760519,0.012714446059733011,1
2020-05-27,77.000732421875,77.14596806852482,75.78560919845494,76.52388732434491,112945200,76.0739128112793,67.5942993927002,0.004356613152475708,0.012013414655241795,1
2020-05-28,77.03462219238281,78.29089831885972,76.4004341829612,76.67637525704153,133560800,76.33048934936524,67.91416603088379,0.0004401227032768684,0.010968199002305624,0
2020-05-29,76.95960235595703,77.73660324937043,76.60377827424547,77.27669643163954,153532400,76.53381652832032,68.26241790771485,-0.0009738457110678445,0.011004642378908884,1
2020-06-01,77.9060287475586,78.02705721931588,76.78288098389504,76.91359380175058,80791200,76.87608489990234,68.63872344970703,0.012297703764425849,0.010921052655353392,1
2020-06-02,78.26671600341797,78.2909231828301,77.19924365819143,77.63978920771235,87642800,77.0789306640625,69.09727096557617,0.004629773352048616,0.00866922368251214,1
2020-06-03,78.69756317138672,78.95898884323296,78.01496072344597,78.58621903033732,104491200,77.36891403198243,69.58794807434082,0.005504858130880752,0.008168290419679772,0
2020-06-04,78.01980590820312,78.81859097042819,77.6470360985682,78.5208656190316,87560400,77.44370956420899,69.9563900756836,-0.0086121759794211,0.00691585820570249,1
2020-06-05,80.24188995361328,80.30240419943048,78.2400813612976,78.26912701737099,137250400,77.79832229614257,70.37583999633789,0.028481025036445562,0.010467368308133522,1
2020-06-08,80.71632385253906,80.75021537775042,79.23009773769596,79.93932296340279,95654400,78.1510009765625,70.74240005493164,0.005912546416841025,0.010458311939626215,1
2020-06-09,83.26518249511719,83.6573136410901,80.36534445233356,80.39681304328083,147712400,78.81084671020508,71.21159767150878,0.03157798225839237,0.012655342697584292,1
2020-06-10,85.40740203857422,85.87457033611071,83.77351707727777,84.21163971297698,166651600,79.651513671875,71.68950531005859,0.025727674872779493,0.013667860389394885,0
2020-06-11,81.30694580078125,84.97653085136815,81.20528599627451,84.55293109627195,201662400,80.07874603271485,72.08791427612304,-0.04801054873371513,0.023018570243901526,1
2020-06-12,82.00889587402344,84.18740853476542,80.90027823694467,83.44187634114364,200146000,80.58367538452148,72.5649617767334,0.008633334659527314,0.02291146997875012,1
2020-06-15,83.02310943603516,83.67424321088224,80.5032957450343,80.66547714891838,138808800,81.09538345336914,73.0428849029541,0.012367116411001078,0.02291339360202578,1
2020-06-16,85.22341918945312,85.49452921505798,83.44188334314991,85.07334504214955,165428800,81.79105377197266,73.58180892944335,0.026502377089516083,0.023731527575008467,0
2020-06-17,85.10481262207031,86.02704912393895,84.98378413219785,85.96653487900272,114406400,82.43177871704101,74.01668174743652,-0.0013917133167251627,0.02393751478027697,1
2020-06-18,85.13871765136719,85.55505601805591,84.53115217198582,85.06125763268233,96820400,83.14366989135742,74.46690979003907,0.00039839144523390324,0.02340133502915404,0
2020-06-19,84.65216827392578,86.30783714893171,83.54596609025744,85.8430918789263,264476000,83.58469772338867,74.87534820556641,-0.005714783953333247,0.02273039314434721,1
2020-06-22,86.86700439453125,87.00981715451016,84.99832384422328,85.04431527047004,135445200,84.19976577758788,75.31881378173829,0.02616396207877969,0.023645046913381793,1
2020-06-23,88.72114562988281,90.13718045697547,87.68998051908838,88.1087417587427,212155600,84.74536209106445,75.7739665222168,0.021344597390862585,0.022695598524324564,0
2020-06-24,87.15502166748047,89.26818142371512,86.78225190963218,88.35078354810454,192623200,84.92012405395508,76.13116973876953,-0.01765220626135433,0.022779398450782504,1
2020-06-25,88.31205749511719,88.35078749388231,86.55230611311778,87.30994555491553,137522400,85.62063522338867,76.52416336059571,0.013275607136570056,0.014484583521040458,0
2020-06-26,85.5986099243164,88.42825657527817,85.45095132716905,88.20798383985682,205256800,85.97960662841797,76.85197616577149,-0.03072567492780709,0.019042356671687733,1
2020-06-29,87.57135772705078,87.665763477541,85.0297599072803,85.50661236513594,130646000,86.43443145751954,77.23802505493164,0.023046493447482552,0.0198189065571786,1
2020-06-30,88.30240631103516,88.58803923582462,87.14053545970367,87.15989677286147,140223200,86.74233016967773,77.66703552246094,0.008348032997991917,0.018469349830096675,0
2020-07-01,88.13536834716797,88.9220535759505,88.08696138066959,88.37984827441205,110737200,87.0453857421875,78.13403396606445,-0.0018916581194720061,0.018485361534178384,0
2020-07-02,88.13536834716797,89.67485466688348,88.02160865174983,89.04066652590694,114041600,87.34505081176758,78.5637109375,0.0,0.018493597633091646,1
2020-07-06,90.49298858642578,90.96015670821257,89.52959930495038,89.56106788910034,118655600,87.92913284301758,79.04570709228516,0.026749990196569762,0.0194953471269738,0
2020-07-07,90.21223449707033,91.64763090247186,90.10089033237493,90.87062990973762,112424400,88.26365585327149,79.48375259399414,-0.0031024954943036365,0.018444869909417856,1
2020-07-08,92.31328582763672,92.34475442259624,91.10057777662374,91.18772214628044,117092000,88.62286987304688,79.96285354614258,0.023290092993258238,0.01865788326895723,1
2020-07-09,92.71027374267578,93.2573176564038,91.66458550637155,93.20406480954586,125642800,89.1783950805664,80.47205505371093,0.004300441821346368,0.01703021660544336,1
2020-07-10,92.87242126464844,92.93051996359854,91.69602787555728,92.30600881208682,90257200,89.63443145751953,80.94032241821289,0.0017489703721802474,0.016897374540862365,0
2020-07-13,92.4439697265625,96.77921054368312,92.2309584307968,94.17467542417103,191649200,90.31896743774413,81.37071472167969,-0.004613334424274584,0.012057201035295988,1
2020-07-14,93.9737777709961,94.16499745387678,90.89481289415856,91.82672629574613,170989200,90.95920944213867,81.85454025268555,0.016548489306101644,0.011294455431143696,1
2020-07-15,94.6200714111328,96.09419752364778,93.42430934647335,95.84487913129125,153198000,91.59097595214844,82.3315444946289,0.00687738277066674,0.011286518699440671,0
2020-07-16,93.4557876586914,94.31024858615012,92.85790656415841,93.49451766571708,110577600,92.12301788330078,82.76401977539062,-0.012304828511304655,0.01260092189615453,0
2020-07-17,93.26697540283205,94.06092201052024,92.79496133182224,93.90600938284572,92186800,92.63617858886718,83.17789627075196,-0.00202033775103283,0.01272251968051754,1
2020-07-20,95.23249053955078,95.37046481228467,93.01040889370655,93.35413310853578,90318000,93.1101287841797,83.61606796264648,0.021074073949856498,0.011772564723573445,0
2020-07-21,93.91807556152344,96.09658762351754,93.66875725435261,96.02155057678584,103433200,93.480712890625,83.993046875,-0.013802169517780905,0.013028221252234354,1
2020-07-22,94.18193817138672,94.86211761268852,93.53322731563136,93.620364272229,89001600,93.667578125,84.35167846679687,0.0028094976210455425,0.011152856178127262,0
2020-07-23,89.89512634277344,93.99314942038049,89.08665688068213,93.91568941051719,197004400,93.38606338500976,84.64200180053712,-0.0455162838209211,0.018648710367768027,0
2020-07-24,89.67241668701172,90.016140810345,86.31266499943915,88.0966309470678,185438800,93.0660629272461,84.94607299804687,-0.0024774385978669766,0.018578904233072284,1
2020-07-27,91.79768371582033,91.88966654711753,90.50994623863684,90.7326345162056,121214000,93.00143432617188,85.28350006103516,0.02370034295190826,0.020429050001592914,0
2020-07-28,90.28968048095705,91.54595685387366,90.28483461346657,91.36925259131361,103625600,92.63302459716797,85.59962677001953,-0.016427464984101747,0.020026850574328046,1
2020-07-29,92.02039337158205,92.20435906214746,90.73507124553788,90.77137831946693,90329200,92.3730567932129,85.91526947021484,0.019168446287613383,0.021103772998436323,1
2020-07-30,93.13385009765624,93.23793283077006,90.7883172670131,91.1949712384762,158130000,92.34086303710937,86.26199188232422,0.012100108305101553,0.021264674874565515,1
2020-07-31,102.8839111328125,103.03398529349649,97.6215868383854,99.61614157613516,374336800,93.30255661010742,86.77423309326171,0.10468869293960004,0.039322495379000066,1
2020-08-03,105.47632598876952,108.09053834247213,104.4645296144692,104.7622549635953,308151200,94.32694015502929,87.34984436035157,0.025197475751193688,0.0394666810348354,1
2020-08-04,106.18071746826172,107.26997389606046,104.94380243901392,105.6651349105181,173071600,95.55320434570312,87.92966796875,0.006678195063100745,0.03856083925445644,1
2020-08-05,106.56558990478516,106.88510690463526,105.43760344433963,105.90235611566642,121776800,96.79156951904297,88.52764526367187,0.003624692370707283,0.03853777555583934,1
2020-08-06,110.28357696533205,110.77737527223312,106.30900549573542,106.89720218347466,202428800,98.83041458129883,89.19330215454102,0.03488918950168496,0.03293608359950548,0
2020-08-07,107.77619934082033,110.26175680038186,106.98082124977309,109.80586800423681,198045600,100.6407928466797,89.80813369750976,-0.022735729956418815,0.035100304691885374,1
2020-08-10,109.34270477294922,110.35875275642206,106.69710077257369,109.21903076531765,212403600,102.39529495239259,90.45579574584961,0.014534799350041538,0.03508615895573711,0
2020-08-11,106.09085845947266,109.10504953060087,105.83138875527999,108.60794103965802,187902400,103.97541275024415,91.0194923400879,-0.0297399476282304,0.03675754228524388,1
2020-08-12,109.6167221069336,109.87376452711321,106.98566715289093,107.17965891895842,165598000,105.7350456237793,91.6464924621582,0.0332343775765358,0.037123823566431124,1
2020-08-13,111.55669403076172,112.55819321018032,110.5066931989482,110.99410742435849,210082000,107.57733001708985,92.30367507934571,0.017697773538015937,0.03706298902246551,0
2020-08-14,111.4572525024414,111.54697388434195,109.65067355223327,111.38208013380518,165565200,108.43466415405274,92.97242401123047,-0.0008913990252605863,0.021757814408057075,0
2020-08-17,111.16625213623048,112.60181637912858,110.54062239475888,112.57756555807367,119561600,109.00365676879883,93.59091125488281,-0.0026108697251849833,0.021118645614447994,1
2020-08-18,112.09258270263672,112.51694618501556,110.58427334354063,110.91891544512356,105633600,109.59484329223633,94.21843643188477,0.008332839765714528,0.02113565530205449,1
2020-08-19,112.23323822021484,113.64455185030188,112.1386696245519,112.49998249055456,145538000,110.1616081237793,94.79779754638672,0.0012548155657297055,0.02117393472880612,1
2020-08-20,114.7236099243164,114.83758209935819,112.25744920067191,112.27442551192091,126907200,110.60561141967773,95.38412170410156,0.02218925287725515,0.019525114139883483,1
2020-08-21,120.6356430053711,121.11820259811186,115.66937453320799,115.68149624546582,338054800,111.89155578613281,96.17069564819336,0.051532836919574665,0.022124035615613772,1
2020-08-24,122.07844543457033,124.91804835697145,120.21609797723066,124.83316679017967,345937600,113.16512985229492,96.9720866394043,0.01196000115102791,0.022100453584836244,0
2020-08-25,121.07696533203124,121.42130925505194,119.35768781992573,120.95329871627834,211495600,114.66374053955079,97.73316375732422,-0.008203578436586922,0.018396179716682576,1
2020-08-26,122.72348022460938,123.17936898693925,121.32671591454528,122.39126546065715,163022400,115.97441635131835,98.48316497802735,0.01359891113939704,0.017048312938776785,0
2020-08-27,121.25640106201172,123.65708422717836,120.11425182681509,123.32486945527224,155552400,116.94438705444335,99.20619674682617,-0.01195434777365012,0.018374944208417062,0
2020-08-28,121.05999755859376,122.64589926041506,120.83690034715939,122.22881026536905,187630000,117.9046615600586,99.9246223449707,-0.0016197371990078757,0.01841779090345629,1
2020-08-31,125.16539001464844,127.06654483126823,122.21667670793738,123.74923681098468,225702700,119.3045753479004,100.73488677978516,0.0339120480658166,0.01956658455385634,1
2020-09-01,130.1510772705078,130.75247109042868,126.61067882372832,128.77371625173845,151948100,121.1104248046875,101.60056823730469,0.039832794475181066,0.02134721838081602,0
2020-09-02,127.45451354980467,133.8369410345014,123.1866360174791,133.45865195686625,200119000,122.63255233764649,102.37523559570313,-0.02071871994650154,0.023923365529506226,0
2020-09-03,117.25041961669922,124.97140947448622,116.88183227033254,123.09936731503697,257599600,122.88523330688477,102.9771435546875,-0.08006067144195772,0.037553096836037705,1
2020-09-04,117.32801818847656,119.98574406174012,107.56038329847304,116.46474218511382,332607200,122.55447082519531,103.55746276855469,0.0006618191391640771,0.03344291351910658,0
2020-09-08,109.4324188232422,115.41715402612338,109.29662311428591,110.52848630276392,231366600,121.2898681640625,104.0341389465332,-0.06729508848049248,0.038679895146732916,1
2020-09-09,113.79730224609376,115.56265389882519,111.79915900187885,113.7391061983007,176940500,120.56190185546875,104.55865783691407,0.03988656624598441,0.04181592615922949,0
2020-09-10,110.08231353759766,116.8818312711873,109.12204164322466,116.74603554472291,182274400,119.29778518676758,104.9942559814453,-0.03264566589164142,0.04204086572385093,0
2020-09-11,108.63703155517578,111.77004920348398,106.69708456311906,111.12986314395623,180860300,118.03584823608398,105.40428924560547,-0.013129102541329263,0.04204857387501672,1
2020-09-14,111.8961410522461,112.44902563888213,109.413011315819,111.27535861813932,140150100,117.11946258544921,105.87950469970703,0.02999998665662207,0.04390642568073029,1
2020-09-15,112.07076263427734,115.26197700807842,110.19871308977739,114.77699015613865,184642000,115.80999984741212,106.31106018066406,0.0015605684019943666,0.04169687753899877,0
2020-09-16,108.76314544677734,112.51694623083202,108.6758513682307,111.77006975767836,154679000,113.67120666503907,106.68207839965821,-0.02951364932077616,0.038061051384575724,0
2020-09-17,107.02688598632812,108.83103751673956,105.44583164529507,106.42550707639862,178011000,111.62844390869141,106.97635040283203,-0.01596367458220349,0.03804086875955819,0
2020-09-18,103.6319808959961,107.5506753180143,102.9045006607274,107.08509211161683,287104900,110.2666000366211,107.19478454589844,-0.03172011461461843,0.03161657951399021,1
2020-09-21,106.77469635009766,106.88139403880808,100.00427732246104,101.4010416835348,195713800,109.21126785278321,107.47283004760742,0.030325729827123116,0.034203147685882215,1
2020-09-22,108.4527359008789,109.47121104759135,105.88231201688097,109.29661551959238,183055400,109.11329956054688,107.79300537109376,0.015715704264606112,0.027942742757454925,0
2020-09-23,103.90357208251952,108.74373815268274,103.56407541081022,108.26845317272523,150718700,108.12392654418946,107.99160125732422,-0.04194604940641722,0.02674218211976618,1
2020-09-24,104.97053527832033,106.93958033536623,101.84721936701546,102.01211308896369,167743300,107.61274871826171,108.19861053466796,0.010268782626197348,0.025908531493739687,1
2020-09-25,108.90863800048828,109.0638373334494,104.43705897382922,105.17424100477153,149981400,107.63990936279296,108.5076675415039,0.037516267891045896,0.028808985899157587,1
2020-09-28,111.50817108154295,111.85736219121794,109.39362820642745,111.55667272467461,137672400,107.60111236572266,108.87249145507812,0.023868933895243583,0.02817256891014954,0
2020-09-29,110.6642837524414,111.84765272079834,110.15990073985728,111.1104781178147,99382200,107.46046447753906,109.18112731933594,-0.007567941621824614,0.02826453124347426,1
2020-09-30,112.33264923095705,113.73911550361659,110.20841190929694,110.37330565840851,142675200,107.81741485595703,109.54941879272461,0.015075916293352698,0.02672444232988967,1
2020-10-01,113.28323364257812,114.18530951408272,112.35205974301084,114.1077098390407,116120400,108.44304962158203,109.93144470214844,0.008462227305497505,0.025843733490036033,0
2020-10-02,109.62642669677734,111.90587086149135,108.85045216012577,109.50033277715342,144712000,109.04249420166016,110.32607070922852,-0.03228021330445452,0.025935011296377927,1
2020-10-05,113.00192260742188,113.14742012517607,110.1405034929378,110.4896945754234,106243800,109.66521682739258,110.79266082763672,0.030790896067250495,0.025983972015004412,0
2020-10-06,109.76221466064452,112.63333559022071,108.87953514429641,112.22594105943094,161498200,109.79616470336914,111.1519514465332,-0.028669494040666654,0.02786121955486992,1
2020-10-07,111.62458038330078,112.08046922763401,110.70310088509402,111.17839334850785,96849000,110.56826553344726,111.57864944458008,0.016967275381734925,0.02353415572199407,0
2020-10-08,111.5178680419922,112.90493061170089,111.1492733309645,112.7594330889432,83477200,111.22299880981446,111.96859893798828,-0.0009559932135211335,0.02365180942208454,1
2020-10-09,113.45782470703124,113.48692273393875,111.46937566481606,111.81856678833006,100506900,111.67791748046875,112.37507843017578,0.017395926761337943,0.021457168445186796,1
2020-10-12,120.66471862792967,121.42129686008033,115.69845107798898,116.45502931013961,240226800,112.59357223510742,112.73069458007812,0.06352046621295582,0.02810672630975742,0
2020-10-13,117.46379852294922,121.62498605023444,116.05733979847938,121.50858655705257,262330500,113.27352371215821,112.97044403076171,-0.026527390453298216,0.029877737207145726,1
2020-10-14,117.55111694335938,119.33586502763562,116.028258506117,117.36681956932418,150712000,113.79537048339844,113.19785202026367,0.0007433645217347351,0.029757659504790108,0
2020-10-15,117.08554077148438,117.56082587869557,114.60241012120682,115.15529491131747,112559200,114.17560119628907,113.40825103759765,-0.003960627376253134,0.029853650401036973,0
2020-10-16,115.4462890625,117.90032921899315,115.24259543375965,117.6384321246745,115393800,114.75758743286133,113.51150527954101,-0.014000462381462575,0.027901396136950255,0
2020-10-19,112.49754333496094,116.80422116143153,112.18715207359088,116.35803418573154,120639300,114.70714950561523,113.60593215942383,-0.025542143896393865,0.027921437218266818,1
2020-10-20,113.98159790039062,115.40746025257594,112.15804282671203,112.71092747344602,124423700,115.12908782958985,113.69871002197266,0.013191884208626048,0.026250765189413394,0
2020-10-21,113.36080932617188,115.14555707254407,112.95341481857757,113.1668101796244,89946000,115.30271072387696,113.84410903930664,-0.005446392976182546,0.025983973462202072,0
2020-10-22,112.27442932128906,114.49566945896562,111.1492565422486,113.92338126264393,101988000,115.37836685180665,113.89726318359375,-0.00958338257586877,0.02622926047744917,0
2020-10-23,111.58576202392578,113.05042420827988,110.84858002778377,112.89522488264528,82572600,115.1911605834961,113.89784454345703,-0.0061337857740747515,0.025641728776263216,1
2020-10-26,111.5954818725586,113.05044248419397,109.49063323015535,110.58670829378724,111850700,114.28423690795898,113.90060913085938,8.710653094556875e-05,0.01204605823626515,1
2020-10-27,113.09893798828124,113.7585204355671,111.10079442752371,112.02226653167769,92276800,113.84775085449219,113.9392628479004,0.013472374423183053,0.011743286465031425,0
2020-10-28,107.86106872558594,111.96406058991157,107.76407283902445,111.59547326085323,143937800,112.87874603271484,113.85463256835938,-0.04631227627652901,0.01768289485019891,1
2020-10-29,111.85736846923828,113.41902674173545,108.83104781563942,108.99594897135509,146129200,112.35592880249024,113.84711517333984,0.03705043711201772,0.02283728454801922,0
2020-10-30,105.5913314819336,108.6273463236584,104.48556211975591,107.72527053869118,190272600,111.3704330444336,113.66446960449218,-0.05601809762785448,0.028079585349920406,0
2020-11-02,105.50403594970705,107.356689266343,104.09757704674024,105.83383085542181,122866900,110.6710823059082,113.3618374633789,-0.0008267301018122231,0.02749683881855243,1
2020-11-03,107.12388610839844,108.14235394209176,105.46523215040254,106.36730788899447,107624400,109.98531112670898,113.06274627685546,0.015353442587386468,0.027672857686974677,1
2020-11-04,111.49845886230467,112.11924135480659,108.97652906147681,110.71278263905,138235500,109.79907608032227,112.87117614746094,0.04083657634936455,0.031368818183514474,1
2020-11-05,115.4559555053711,116.02824377297978,113.3608163942021,114.40838224963099,126387100,110.11722869873047,112.72582565307617,0.03549373402509315,0.033215875257231804,0
2020-11-06,115.32481384277344,115.82034860014043,112.8373918555085,114.96530169353447,114457900,110.49113388061524,112.6071939086914,-0.001135858795881295,0.033095533675942805,0
2020-11-09,113.0219955444336,118.53123307425452,112.75965407719045,117.08348090470506,154515300,110.63378524780273,112.4464338684082,-0.019968107657033496,0.033942350122351854,0
2020-11-10,112.6819076538086,114.25597110360664,110.89407325748324,112.27381767890381,138023400,110.59208221435547,112.1967642211914,-0.0030090416381941543,0.03371166525540319,1
2020-11-11,116.10211181640624,116.23814181960135,113.13859256042241,113.86732789743012,112295000,111.4161865234375,111.91578491210937,0.03035273571251107,0.030540588443901857,0
2020-11-12,115.83003997802734,117.1126137436234,115.20818648034917,116.22841881317535,103162300,111.8134536743164,111.68329544067383,-0.0023433840618602986,0.02884378963816512,1
2020-11-13,115.87863159179688,116.27700303551688,114.52804275815001,116.05352836084144,81581900,112.84218368530273,111.65585968017578,0.0004195078735944602,0.019983551669485632,1
2020-11-16,116.88915252685548,117.55958400464418,114.80010971790968,115.54827474511946,91183000,113.98069534301757,111.64708236694337,0.00872051146253039,0.019659892073432623,0
2020-11-17,116.00494384765624,117.24865091924097,115.5871353083196,116.16041093814378,74271000,114.86880111694336,111.77853286743164,-0.007564505859481652,0.020351266856221607,0
2020-11-18,114.6834945678711,116.42274359265693,114.65434634387621,115.24705160870013,76322100,115.1873046875,111.7962567138672,-0.011391318645182391,0.01754802438019301,1
2020-11-19,115.27620697021484,115.68429695756758,113.49809106564801,114.25597458875419,74113000,115.16932983398438,111.90013458251953,0.005168245043256636,0.01344003705713727,0
2020-11-20,114.01306915283205,115.40252482669361,113.96449124482857,115.27621337018954,73604300,115.03815536499023,112.00765533447266,-0.010957489412443677,0.013877902846585818,0
2020-11-23,110.62201690673828,114.2851304944073,110.5248536828197,113.85760341347095,127959300,114.7981575012207,111.9821728515625,-0.02974266258500713,0.01559573721497313,1
2020-11-24,111.9045867919922,112.56530706965945,109.39773567263003,110.68031687022992,113874200,114.72042541503906,111.9788493347168,0.011594164716190347,0.01616757934251196,1
2020-11-25,112.74019622802734,113.43978322932423,111.90457924459807,112.27380983588145,76499200,114.38423385620118,112.0583903503418,0.007467159836695325,0.012509190857040598,1
2020-11-27,113.28435516357422,114.15883921630498,112.92485040689866,113.26492547932713,46691300,114.12966537475586,112.18353973388672,0.004826663015968791,0.01274553662470249,1
2020-11-30,115.6745834350586,117.54014397849063,113.49808872130923,113.65355580646789,169410200,114.10926055908203,112.42439178466798,0.021099367763828036,0.014731058748800197,1
2020-12-01,119.24053955078124,119.9692749139944,116.60737666127397,117.57902381222483,127728200,114.3443992614746,112.67370864868164,0.030827481801346757,0.01758123815647122,1
2020-12-02,119.59033203125,119.87211059203429,117.46242241782213,118.56038101970898,89004200,114.70293807983398,112.89646057128907,0.002933502999789672,0.017248136321603727,0
2020-12-03,119.45427703857422,120.27045690895935,118.74497151143471,120.01782662918774,78967600,115.1800163269043,113.20747467041015,-0.0011376755157785912,0.01657721874233338,0
2020-12-04,118.78385162353516,119.37655691588907,118.07454601670749,119.12392660773527,78260400,115.53078079223633,113.48374099731446,-0.0056124019303432915,0.016856027412097612,1
2020-12-07,120.24131774902344,121.03806800243322,118.78384723085345,118.84214367939516,86712000,116.15360565185547,113.71039459228516,0.012269901216096946,0.016289973011903245,1
2020-12-08,120.85346221923828,121.43645640289948,119.6000365852931,120.84375108576852,82225500,117.17675018310547,113.89730041503907,0.005090966081164883,0.010689343409782982,0
2020-12-09,118.32718658447266,122.37895334699282,117.56930300737729,120.99921619827668,115089200,117.81901016235352,114.0505584716797,-0.020903626494231053,0.014165998942609845,1
2020-12-10,119.74579620361328,120.35793867044406,116.74340998030307,117.0834850101648,81312200,118.5195701599121,114.19882141113281,0.011988873056893778,0.014300690010664962,0
2020-12-11,118.93931579589844,119.2793907717679,117.13205173775964,118.95874547462877,86939800,119.08506622314454,114.31194305419922,-0.006734937119157958,0.014874364658096956,0
2020-12-14,118.32718658447266,119.85267228564851,118.09399334838469,119.12393693642923,79184500,119.35032653808594,114.48595825195312,-0.005146567451894568,0.014004608608039426,1
2020-12-15,124.25422668457033,124.27366377761385,120.61055011219938,120.81459511068267,157243700,119.85169525146485,114.71100433349609,0.05009026472429823,0.0188441887707297,0
2020-12-16,124.18620300292967,124.73032296084445,122.97164423038534,123.79755012617825,98208600,120.31128234863282,114.9994841003418,-0.0005474556758003901,0.018903959857024887,1
2020-12-17,125.05098724365234,125.90604149372504,124.40969655609783,125.24531371153455,94359800,120.87095336914062,115.26801223754883,0.0069636096427094785,0.01883584864533888,0
2020-12-18,123.0688247680664,125.43964605507787,122.5441344465272,125.30361605465058,192541500,121.29945068359375,115.4990313720703,-0.01585083428189049,0.019718999513934844,1
2020-12-21,124.59429168701172,124.67202522679207,119.94982017477122,121.47530568083864,121251600,121.73474807739258,115.72176071166992,0.012395234307471359,0.01972507507078651,1
2020-12-22,128.1408233642578,130.59908932336018,125.97403967211778,127.87847449783371,168904800,122.46348419189454,115.87128280639648,0.028464640147039644,0.021231035416895024,0
2020-12-23,127.2469253540039,128.67523311498164,127.07202114631367,128.41289904268606,88223700,123.35545806884765,116.06694534301758,-0.006975903437992481,0.019663782902505117,1
2020-12-24,128.22828674316406,129.67604646021374,127.38295839338778,127.59672197110412,54930100,124.20370712280274,116.28048873901368,0.00771226013068671,0.019600859843977178,1
2020-12-28,132.81443786621094,133.44600251933943,129.72459253226933,130.19099379190865,124486200,125.59121932983399,116.5950666809082,0.03576551819827989,0.020850721681728766,0
2020-12-29,131.0460205078125,134.85487480481046,130.53104880605997,134.1358655444837,121047300,126.86310272216797,116.90706130981445,-0.01331494818492418,0.021708411259357924,0
2020-12-30,129.92864990234375,132.13429294527648,129.61771571736733,131.7359140805847,96452100,127.43054504394532,117.2556834411621,-0.00852655121566348,0.01728465765328949,0
2020-12-31,128.92784118652344,130.9197204767935,127.98534242224186,130.27842990655225,99116600,127.90470886230469,117.55460830688476,-0.007702756217143336,0.01766571898410106,0
2021-01-04,125.74083709716795,129.82175137838865,123.1659711614339,129.73430670995643,143301900,127.97369384765625,117.80220886230468,-0.024719285299633298,0.01976965686608595,1
2021-01-05,127.29549407958984,128.00480720900393,124.7886425294723,125.23560676408721,97664900,128.3963607788086,118.1026301574707,0.012363978308976176,0.01914467950459159,0
2021-01-06,123.01051330566406,127.3343470647896,122.79674977159817,124.09876065496377,155088000,128.23798294067382,118.33112518310547,-0.03366168460956409,0.022092401386096597,1
2021-01-07,127.20806121826172,127.89793731653697,124.23482288794177,124.72064653214206,109578200,128.14470672607422,118.64337677001953,0.0341234891213511,0.022987032824927464,1
2021-01-08,128.30601501464844,128.8695721666665,126.53761000388556,128.67523086681507,105158200,128.25061569213867,118.94751831054687,0.008631165241193894,0.02302779905016756,0
2021-01-11,125.32301330566406,126.4792754915705,124.85662694388971,125.5270656786526,100384500,127.96008834838867,119.29675720214844,-0.023249118201074337,0.02409189935314136,0
2021-01-12,125.1481704711914,126.01293594243306,123.26317240831035,124.85667332698577,91951100,127.19346160888672,119.5625732421875,-0.0013951374919960458,0.02015952997505264,1
2021-01-13,127.17892456054688,127.72304471938705,124.84697678661405,125.1093109035219,88636800,126.80675201416015,119.99432510375976,0.016226798056332203,0.02107090983128609,0
2021-01-14,125.2550277709961,127.28576659581172,125.10927181431389,127.09144014639318,90221800,126.33938980102539,120.38934494018555,-0.01512748119390539,0.021371802159822782,0
2021-01-15,123.53520965576172,126.52788445335536,123.39917965706009,125.12871028033413,111598500,125.80012664794921,120.71757141113281,-0.013730531586953254,0.02158894583456958,1
2021-01-19,124.20564270019533,125.06069683837403,123.340877429049,124.15705738304294,90757300,125.64660720825195,120.97171508789063,0.005427060400851058,0.020457778460623178,1
2021-01-20,128.28659057617188,128.7335548533042,124.90526215662156,125.01214395162096,104319500,125.74571685791015,121.22832778930665,0.03285638065435603,0.022837482431916616,1
2021-01-21,132.98934936523438,135.7099645282226,129.80234769109845,130.0064001294405,120150900,126.74360046386718,121.58161849975586,0.036658225680026746,0.02177695905454999,1
2021-01-22,135.12701416015625,135.8848979635937,131.1918391338999,132.41610954879968,114459400,127.53549575805664,122.02371887207032,0.01607395483266183,0.020054969560604763,1
2021-01-25,138.86781311035156,140.97628571065687,132.6686993609781,139.0135690829673,157611700,128.59167556762696,122.54743698120117,0.027683575881885636,0.021181059084154456,1
2021-01-26,139.10101318359375,140.20869037046396,137.3617564370404,139.52854031294,98390600,129.96947555541993,123.00741500854492,0.001679295353033794,0.018354346935159187,0
2021-01-27,138.03216552734375,140.208660067174,136.42895396495652,139.3633171255217,140843800,131.25787506103515,123.45145751953125,-0.007683967440548223,0.0189116265735061,0
2021-01-28,133.20306396484375,137.96414245615455,132.82412228395296,135.56417353512813,142621100,131.86028900146485,123.79794616699219,-0.034985335077883484,0.02343343795965947,0
2021-01-29,128.21859741210938,132.86307079745845,126.51821446231364,131.9788681052856,177523800,132.15664596557616,124.02453506469726,-0.03742005930171344,0.026418979113333036,1
2021-02-01,130.3367156982422,131.54156320206033,127.2177225988055,129.95777399701672,106239800,132.83679656982423,124.31117050170899,0.01651958708708179,0.026063691756279712,1
2021-02-02,131.1626434326172,132.4452098565485,130.79341280132044,131.8816527763116,83305400,133.5324966430664,124.6407534790039,0.006336876987810491,0.026064295283528043,0
2021-02-03,130.1424102783203,131.92052618668296,129.82176496768204,131.9108002272906,89880900,133.71807861328125,124.93807754516601,-0.007778382072796575,0.024492734236836268,1
2021-02-04,133.49462890625,133.5043400423377,130.7740133593302,132.435536852372,84183100,133.76860656738282,125.32770874023437,0.025758080096723868,0.02295904870436152,0
2021-02-05,133.0810089111328,133.72325779067754,132.20522578325316,133.65514858435046,75693800,133.56400604248046,125.77688858032226,-0.003098401774708548,0.022316516898620367,1
2021-02-08,133.2269744873047,133.2756324021585,131.29050232328603,132.3706427004726,71297200,132.9999221801758,126.20333633422851,0.0010968174750565218,0.01993688305737799,0
2021-02-09,132.35122680664062,134.17093254443628,132.1955422076444,132.94481795724369,76774200,132.32494354248047,126.59555694580078,-0.0065733511102702424,0.019848234026245887,0
2021-02-10,131.74790954589844,133.30487431692404,130.78453592339073,132.80858418639744,73046600,131.69651794433594,126.96482803344726,-0.004558456126920629,0.019822064881996202,0
2021-02-11,131.49490356445312,132.72100324758284,130.17148801909838,132.24417927998556,64280000,131.52570190429688,127.28123443603516,-0.0019203794756011972,0.016674103067538484,1
2021-02-12,131.7284393310547,131.88413877300763,130.09363973549668,130.73588879731562,60145100,131.8766860961914,127.53099243164063,0.0017760062197931248,0.010763734295471707,0
2021-02-16,129.6070556640625,132.35118706954955,129.2178071626484,131.84518629017936,80576300,131.80372009277343,127.73132690429688,-0.016104219238951223,0.011068230777895425,0
2021-02-17,127.3202667236328,128.66314806479286,125.98712587517291,127.7192408682256,97918500,131.419482421875,127.88864669799804,-0.01764401581930064,0.011981021794299562,0
2021-02-18,126.2206573486328,126.50284947960014,123.98252704202405,125.72436743621753,96856700,131.02730712890624,128.0373828125,-0.008636561981030577,0.012022811126716755,1
2021-02-19,126.37635040283205,127.1937647700894,125.3351422926217,126.73640709556466,87668800,130.31547927856445,128.16008346557618,0.001233498996675353,0.006929407788361109,0
2021-02-22,122.61048889160156,126.2304187991235,122.22124775949521,124.56641277376495,103916400,129.26842727661133,128.19522399902343,-0.029798783547923202,0.01026629462485847,0
2021-02-23,122.47422790527344,123.30136048380355,115.20517794881079,120.43072170415333,158273000,128.1931526184082,128.27816482543946,-0.0011113322160275496,0.01006802703018347,0
2021-02-24,121.97796630859376,122.1823162213377,118.94190197736167,121.57899955251936,111039900,127.15582656860352,128.32280822753907,-0.004051967545886437,0.01014826466448073,0
2021-02-25,117.7352523803711,123.05810538980377,117.29736077604736,121.32599026278942,148199500,125.75456085205079,128.2987269592285,-0.03478262555623335,0.013064227615383967,1
2021-02-26,117.99797821044922,121.49139980199843,117.93958722628282,119.2921941436735,164560400,124.4048683166504,128.29214279174803,0.002231496724781623,0.013448830943495083,1
2021-03-01,124.35232543945312,124.48855870917815,119.48683030882653,120.42100448300808,116307900,123.66725692749023,128.2941047668457,0.05385132292411776,0.024419293247840177,0
2021-03-02,121.754150390625,125.25730532990295,121.64710890595583,124.95564701355688,102260900,122.88196640014648,128.24546371459962,-0.020893658720465003,0.02469619241965707,0
2021-03-03,118.77644348144533,122.32825577553972,118.56236054617285,121.45246532404101,112966300,122.02758407592773,128.11997283935546,-0.024456717899359215,0.02514421682489726,0
2021-03-04,116.89838409423828,120.27503892466773,115.42900990064756,118.47480719948628,178155000,121.09535675048828,127.99656402587891,-0.015811715961173922,0.02530930569039949,1
2021-03-05,118.1536865234375,118.65970219404976,114.40725661331615,117.72552798386944,153766600,120.27309036254883,127.86775192260743,0.010738407026971819,0.025840752231468145,0
2021-03-08,113.22980499267578,117.74498394850409,113.08383865170997,117.67686731260757,154376600,119.33502197265625,127.56953155517579,-0.04167353279988428,0.027268449666409015,1
2021-03-09,117.83253479003906,118.77644185124619,115.59441191598833,115.82795355846429,129525800,118.87085266113282,127.38124374389649,0.040649454422897024,0.03127529102326787,0
2021-03-10,116.75244140625,118.88352353506721,116.23669261108125,118.4164400921035,111943300,118.34830017089844,127.15172683715821,-0.00916634260404936,0.0313285462967873,1
2021-03-11,118.6791534423828,119.89552719538874,117.99798711036199,119.24355264557505,103026500,118.44269027709962,126.86902114868164,0.016502541727831055,0.02988130303091366,0
2021-03-12,117.77417755126952,117.91041082516712,115.9544870681418,117.16112781873039,88105100,118.42031021118164,126.60358428955078,-0.007625398942137207,0.03000570614547631,1
2021-03-15,120.654541015625,120.66427408423421,117.18057793774676,118.14395127784391,92403800,118.05053176879883,126.41810211181641,0.02445666379713507,0.025226244292469523,1
2021-03-16,122.19205474853516,123.79766976227535,121.36492199120141,122.31855495993447,115227900,118.09432220458984,126.28338638305664,0.012743107055631198,0.024773402904920177,0
2021-03-17,121.4038314819336,122.47423888090718,119.04892629520441,120.71293209328559,111932600,118.35706100463867,126.19664627075196,-0.006450691644589224,0.023361081499506237,0
2021-03-18,117.28762817382812,119.86634216018179,117.08327826271949,119.57440947336566,121229700,118.39598541259765,125.99648895263672,-0.033905052730712315,0.02553130163734505,0
2021-03-19,116.7621612548828,118.16342636251116,116.46050290360724,116.67458589773459,185549500,118.25683288574218,125.87152191162109,-0.004480156408027569,0.025314259762447257,1
2021-03-22,120.07068634033205,120.53777713211232,117.02488910943605,117.09300574322106,111912300,118.94092102050782,125.7287744140625,0.02833559305421729,0.02228279979733443,0
2021-03-23,119.24356842041016,120.89783397367995,118.85432728312398,120.01231762490714,95467100,119.08202438354492,125.54752548217773,-0.006888591588270598,0.018910104303037998,0
2021-03-24,116.85946655273438,119.5938800533793,116.8400078374971,119.51603034411634,88530500,119.09272689819336,125.37825454711914,-0.01999354681562604,0.01986511746025715,1
2021-03-25,117.34600067138672,118.3872236915313,115.7987768800299,116.32425121223295,98844700,118.95941162109375,125.22221115112305,0.004163412113752818,0.019113782715137192,1
2021-03-26,117.94933319091795,118.21207408800578,115.72093550893463,117.11246742653448,94071200,118.9769271850586,125.03761932373047,0.0051414834428042955,0.01904569206138156,1
2021-03-29,118.12449645996094,119.28248673827066,117.48225492917581,118.3775042989523,80819200,118.72392272949219,124.89500869750977,0.0014850721433028458,0.017095475624967084,0
2021-03-30,116.67457580566406,117.16112532326552,115.66255191815422,116.8789257121579,85671900,118.17217483520508,124.75779602050781,-0.012274512888936107,0.016521600454498058,1
2021-03-31,118.86405181884766,120.19719278132602,117.89095275757859,118.37750228821312,118323800,117.91819686889649,124.65096420288086,0.018765665082257854,0.018042844825330435,1
2021-04-01,119.69116973876952,120.83942678607517,119.19488720011346,120.33341860340158,75089100,118.15855102539062,124.47905578613282,0.006958520320192507,0.014229790804661612,1
2021-04-05,122.5131607055664,122.76616851425374,119.75928886344587,120.53777100210417,88651200,118.73365097045898,124.26953201293945,0.023577269509154286,0.015493512435912061,1
2021-04-06,122.81481170654295,123.71006091586875,122.26987869637169,123.09701127942607,80171300,119.00806350708008,124.02328796386719,0.0024621926268109107,0.013130168804745759,1
2021-04-07,124.45936584472656,124.47882455845117,121.7736104771957,122.4450511751175,83466700,119.52964324951172,123.73511901855468,0.013390519558122538,0.013112534945108412,1
2021-04-08,126.85321807861328,126.88240986807646,125.06271903272915,125.48114458057893,88844600,120.52901840209961,123.49016311645508,0.01923400635732997,0.01065160935185889,1
2021-04-09,129.42218017578125,129.46109760648577,125.9871415439433,126.30826602843275,106686700,121.73663635253907,123.31796340942383,0.020251453893553872,0.011161762627431746,0
2021-04-12,127.70954132080078,129.27623158953074,127.1159502289636,128.95510707935833,91420000,122.71265716552735,123.20809295654297,-0.013232962484903021,0.013333176416097254,1
2021-04-13,130.81370544433594,131.03752892907758,128.380957683949,128.87724772998885,91266500,123.98157806396485,123.2599951171875,0.02430643859050141,0.014017922410696408,0
2021-04-14,128.47825622558594,131.36836136344672,128.11821435701262,131.3099778007929,87222800,125.16194610595703,123.22282592773438,-0.01785324565814539,0.015088233374628505,1
2021-04-15,130.88182067871094,131.36837019796266,130.04495491166549,130.22012045971883,89347100,126.36372299194336,123.21720947265625,0.018707947350287357,0.015084427223913373,0
2021-04-16,130.5509490966797,131.0472241792983,129.6946173321828,130.68718234573052,84922400,127.44970092773437,123.22538024902343,-0.0025280178737998593,0.015572021484869547,1
2021-04-19,131.21266174316406,131.82571884662076,129.75301328602865,129.91843832937323,94264200,128.31965103149415,123.17974090576172,0.005068616130812886,0.014700179355261432,0
2021-04-20,129.5291748046875,131.88407199058656,128.26414346394938,131.3877969750169,94812300,128.9910873413086,123.10870422363281,-0.01283021711556942,0.015963594167342637,1
2021-04-21,129.9087371826172,130.15201197134868,127.76792201144299,128.79940473993418,68847100,129.53602447509766,123.04233947753906,0.0029303234464514993,0.015726526822538178,0
2021-04-22,128.39068603515625,130.54122653689166,127.8749447465964,129.46108603950333,84566500,129.68977127075195,122.96312866210937,-0.011685520007226002,0.015525403415940763,1
2021-04-23,130.70669555664062,131.48516306112936,128.6047976585629,128.6047976585629,78657500,129.8182228088379,122.94230438232422,0.01803876584046127,0.015238628185052465,1
2021-04-26,131.0958709716797,131.42672099869188,129.96707280484003,131.20291243316117,66905100,130.15685577392577,122.93432373046875,0.0029774711492909223,0.0143836629401801,0
2021-04-27,130.77479553222656,131.76736083305914,130.5023289552631,131.3781122600293,66015800,130.15296478271483,122.91525085449219,-0.00244916515732585,0.012251107300222863,0
2021-04-28,129.98655700683594,131.38782184344353,129.50000754125335,130.69691506905932,107760100,130.30379486083984,122.92284088134765,-0.006027449878110325,0.010819334194651859,0
2021-04-29,129.88925170898438,133.38268843991688,128.886960916459,132.79882309453924,151101000,130.20453796386718,122.97422058105468,-0.0007485797000258421,0.008905204514288268,0
2021-04-30,127.9236297607422,129.96712921001927,127.54412165956818,128.2350137894491,109839500,129.94180603027343,123.00828002929687,-0.015133060837444257,0.010012032359010905,1
2021-05-03,128.97451782226562,130.4633727552625,128.283625938946,128.48796838679135,75135100,129.7179916381836,123.06024337768555,0.00821496437748781,0.010303551153716967,0
2021-05-04,124.41070556640624,127.95279275381809,123.29164023246338,127.66086008438737,137564700,129.20614471435545,123.09624771118165,-0.03538537947587905,0.014593434926556076,1
2021-05-05,124.65399932861328,126.94077328039651,124.52749169549318,125.72439941828402,84000900,128.68067092895507,123.13984313964843,0.001955569346700603,0.014545722056485785,1
2021-05-06,126.2498550415039,126.25958068498952,123.71005892640017,124.44961615985031,78128300,128.46658782958986,123.22528091430664,0.012802282489819072,0.015160891190651667,1
2021-05-07,126.92243957519533,127.9459170756659,126.21086004578889,127.54628013792039,78973300,128.08816223144532,123.40902465820312,0.005327408363916986,0.013805987094361899,0
2021-05-10,123.64728546142578,126.26936319427197,123.60829449035425,126.14265555263232,88071200,127.34330368041992,123.52201080322266,-0.025804374110136585,0.015368611561017315,0
2021-05-11,122.73101806640624,123.08192191649415,119.67029018955704,120.38186236478138,126142800,126.53892593383789,123.48958465576172,-0.0074103316672115005,0.015331152459513329,0
2021-05-12,119.67029571533205,121.49308457084182,119.16342796467423,120.28439421406758,112172300,125.5072998046875,123.44790756225586,-0.024938458095557614,0.016431491585592577,1
2021-05-13,121.8147430419922,122.96495055227784,121.12267010296466,121.43459040557941,105861300,124.6998489379883,123.50867355346679,0.017919629209919297,0.0183136884082693,1
2021-05-14,124.2321319580078,124.66102519199373,122.67253033910511,123.06243260302256,81918000,124.33069915771485,123.65534851074219,0.019844797564300354,0.019714258085436486,0
2021-05-17,123.08192443847656,123.72526428981506,122.00969878967952,123.61804098125864,74244600,123.74143981933594,123.75391326904297,-0.00925853482028327,0.019406634749354678,0
2021-05-18,121.69776153564452,123.78372980629568,121.62952920667057,123.36458623209384,63342900,123.47014541625977,123.92327239990234,-0.011245866597771048,0.016406745574279912,0
2021-05-19,121.54180145263672,121.76599019675551,119.75800391592138,120.0504324237247,92612000,123.1589256286621,123.99745773315429,-0.001281536168289521,0.016350094942949457,1
2021-05-20,124.0956573486328,124.49530918227134,121.94145662294912,122.06817912472063,76857100,122.943505859375,124.14432205200195,0.02101216096415426,0.01737266045577128,0
2021-05-21,122.2631378173828,124.76825004025154,122.04869119774337,124.59279439116175,79295400,122.47757568359376,124.21600173950195,-0.01476699161278261,0.01764447935075883,1
2021-05-24,123.8909683227539,124.70976380781524,122.76025995557121,122.82849229292907,63092900,122.50194396972657,124.33833755493164,0.013314156126129406,0.016470262230721046,0
2021-05-25,123.69601440429688,125.08016771850949,123.13065653206684,124.59278434432386,72009500,122.59844360351562,124.39916702270507,-0.0015735926605170425,0.0162680995494246,0
2021-05-26,123.64728546142578,124.17365241574042,123.228141818366,123.75450877268065,56575900,122.996142578125,124.42827163696289,-0.0003939410910348551,0.013562768192127855,0
2021-05-27,122.11690521240234,124.41732007226534,121.92195782567474,123.24762087836753,94625600,123.02635879516599,124.44253311157226,-0.012376982182118912,0.013330163752705855,0
2021-05-28,121.4638442993164,122.62380153028337,121.405361560534,122.39960530367183,71311100,122.74953002929688,124.52605743408203,-0.005347833798686974,0.011484532252024325,0
2021-06-01,121.14217376708984,122.18515807859856,120.81076166659518,121.92197831860382,67637100,122.5555549621582,124.61365768432617,-0.002648282162335369,0.011219782588292126,1
2021-06-02,121.9024887084961,122.07794437455699,120.91799449476859,121.14218330115489,59278900,122.57602767944336,124.65029373168946,0.006276220062453541,0.010897598453046399,0
2021-06-03,120.42086791992188,121.69779071261881,120.02121601385367,121.53208465063497,76229200,122.46393432617188,124.67383972167968,-0.01215414717346086,0.011584911155915187,1
2021-06-04,122.7115249633789,122.97471215998662,120.72303005127523,120.93747667465416,75169300,122.32552108764648,124.79088088989258,0.019022093786770222,0.01117724928415347,1
2021-06-07,122.72126770019533,123.1306617200527,121.67828344764422,122.98444744531308,71057600,122.37133407592773,124.89838623046874,7.939545058488484e-05,0.010087944309636181,1
2021-06-08,123.54005432128906,125.21663622404847,123.02343700167279,123.4035896495703,74403800,122.33624267578125,125.01020065307617,0.006671921146496063,0.009335184579465285,1
2021-06-09,123.9202117919922,124.52456067367201,123.32561251203367,123.99819373222839,56877900,122.35866241455078,125.1261149597168,0.0030772001258350112,0.00937736871117335,0
2021-06-10,122.92596435546876,124.95345011953233,122.76025831506651,123.81298472926724,71186400,122.28653030395508,125.25114273071289,-0.008023287098575471,0.009736404619550403,1
2021-06-11,124.1346435546875,124.22237508614661,122.91620377217826,123.33534735483208,53522400,122.4883041381836,125.35655456542969,0.009832578540718728,0.009258228984700263,1
2021-06-14,127.18565368652344,127.2441364345247,123.8617527922061,124.59281688929634,96906500,123.0604850769043,125.50644424438477,0.024578232510023,0.011337741950025099,0
2021-06-15,126.36685943603516,127.30262798000346,126.12317141530278,126.65928803562127,62746300,123.58295364379883,125.58351821899414,-0.006437787806684359,0.011668086731146336,1
2021-06-16,126.86394500732422,127.58526671760069,125.21662690472674,127.07839160028391,91815000,124.07909927368163,125.66450088500977,0.003933670374554721,0.011647326265574446,1
2021-06-17,128.46255493164062,129.20337594415264,126.37658632134162,126.52280804022224,96721700,124.88326797485351,125.74456466674805,0.012600979137327828,0.01038058912520089,0
2021-06-18,127.16612243652344,128.1895998960208,126.95167585727805,127.40981037898122,108953300,125.32872772216797,125.75082275390625,-0.010091909629285079,0.010569801869462374,1
2021-06-21,128.9596710205078,129.066894317528,125.94769141357571,127.01016734634604,79663300,125.95256805419922,125.74157257080078,0.014103981073100957,0.010970346897624253,1
2021-06-22,130.59725952148438,130.69474066397615,128.29684436989922,128.7939773736595,74783600,126.65828857421874,125.79932693481446,0.012698454392894298,0.011233281758851896,0
2021-06-23,130.32431030273438,130.9286665216875,129.8661757752273,130.39255006678223,60214200,127.29869842529297,125.78953903198243,-0.0020900072463243546,0.011479752572528278,0
2021-06-24,130.04161071777344,131.24055098607798,129.5737192545333,131.0553458077365,68711000,128.01026306152343,125.82080612182617,-0.0021692006986590018,0.010868574629025112,0
2021-06-25,129.7492218017578,130.50952706925113,129.45679326652197,130.09039090512184,70783700,128.57172088623048,125.79815414428711,-0.0022484258261780132,0.01102793596299375,1
2021-06-28,131.37709045410156,131.83522514355917,129.98320205214029,130.04168479997963,62111300,128.9908645629883,125.81467697143555,0.012546269100796259,0.009076067080708995,1
2021-06-29,132.88792419433594,133.0438880631515,130.9579196567259,131.3965550234282,64556100,129.64297103881836,125.84818222045898,0.011499978687396828,0.008706103455897004,1
2021-06-30,133.5020294189453,133.9406648079474,132.43953852296474,132.73196707347742,63261400,130.30677947998046,125.92763931274413,0.004621226709142556,0.008698770625520812,1
2021-07-01,133.80419921875,133.86268195374564,132.3323143115352,133.15111722207564,52485800,130.8409439086914,126.0055485534668,0.00226340978575279,0.008320570422131123,1
2021-07-02,136.42626953125,136.46525305919846,134.27206149217562,134.41826831389758,78852600,131.76695861816407,126.16626022338868,0.019596323043743258,0.007978299217943617,1
2021-07-06,138.43426513671875,139.53572463895688,136.53350195950557,136.53350195950557,108181800,132.71441802978515,126.32081161499023,0.014718540735358943,0.008040521311323203,1
2021-07-07,140.91989135742188,141.23180423568894,139.0581116318865,139.91588320227135,104911600,133.7466812133789,126.51729202270508,0.017955281651174326,0.008596652308658657,0
2021-07-08,139.6234893798828,140.422778328839,137.11836946520646,138.00539740279086,105575500,134.67659912109374,126.6942658996582,-0.009199566967100004,0.00971472223038527,1
2021-07-09,141.44627380371094,141.972633378387,139.04837716154248,139.14585831818513,99890800,135.8170654296875,126.9234602355957,0.013054998352524771,0.009309855853307245,0
2021-07-12,140.8516387939453,142.62569425576672,140.36426288116348,142.51847096001342,76299700,136.92730712890625,127.14270797729492,-0.004203963765003982,0.009576970583189149,1
2021-07-13,141.96287536621094,143.7369310790402,140.00362927408963,140.39352411006757,100827100,137.9858856201172,127.4234928894043,0.007889411736921925,0.009459252140867843,1
2021-07-14,145.3842315673828,145.79364043052715,143.95134516697595,144.3607540301203,127050800,139.2355163574219,127.75168716430665,0.024100358578579506,0.01075452835969278,0
2021-07-15,144.73117065429688,146.21279783696795,143.3762659892824,145.47199168239987,106820300,140.35843048095703,128.15809646606445,-0.004491965229277639,0.011532293893409725,0
2021-07-16,142.6939239501953,145.97883295333372,142.19680585690423,144.71166743629377,93251400,141.24740295410157,128.5188949584961,-0.01407607424780466,0.013458538153449192,0
2021-07-19,138.85340881347656,140.43251704679776,138.0931035014654,140.12058929133983,121434600,141.49011688232423,128.77096603393554,-0.026914356479952217,0.01620036105666546,1
2021-07-20,142.4599609375,143.3859869898834,139.350515378791,139.83789124908492,96350000,141.89268646240234,129.08171646118163,0.025973810472799785,0.017527778655125482,0
2021-07-21,141.72894287109375,142.4405225803077,140.97839449756518,141.8556653977963,74993500,141.97359161376954,129.443349609375,-0.005131393140890728,0.01684759426382147,1
2021-07-22,143.09361267089844,144.45825967498962,142.12860272787458,142.2553252616605,77338200,142.3206039428711,129.85060150146484,0.009628730534213314,0.016669461346713516,1
2021-07-23,144.8091583251953,144.96512221870486,143.21056560056124,143.8246641352954,71447400,142.65689239501953,130.3533787536621,0.011988974366329508,0.016598307622523352,1
2021-07-26,145.22828674316406,146.04707474588002,143.97084849928373,144.5264642055409,72434100,143.0945571899414,130.82164962768556,0.0028943502111069552,0.016431824889635356,0
2021-07-27,143.0643310546875,145.44272791296905,141.87513262554674,145.35498894389306,104818600,143.20470275878907,131.19829360961913,-0.0149003733157268,0.017266247189084857,0
2021-07-28,141.31948852539062,143.25924964240136,138.9410921453255,141.15378253150473,118931200,142.79822845458983,131.56304489135744,-0.01219620933068144,0.015581836731151695,1
2021-07-29,141.96287536621094,142.84990322262558,140.92964066468824,141.03686397561236,56699500,142.52139892578126,131.96834716796874,0.00455271136015134,0.015729515446369188,1
2021-07-30,142.1772918701172,142.63542638578699,140.4714762953773,140.73466343435456,70440600,142.46973571777343,132.38105697631835,0.0015103702524561502,0.015141122493897005,0
2021-08-02,141.8459014892578,143.2397895751834,141.582714310116,142.6646895204393,62880000,142.76898498535155,132.73606185913087,-0.0023308249615705545,0.012003001403256676,1
2021-08-03,143.63941955566406,144.30224361135603,141.51445299043982,142.12855135709023,64786600,142.88693084716797,133.16358749389647,0.012644130338457904,0.009561147491117788,0
2021-08-04,143.2397918701172,144.058579914417,142.58670986762564,143.5517196242508,56368300,143.03801574707032,133.55056396484375,-0.002782158872425722,0.009425309317254502,1
2021-08-05,143.34701538085938,144.107320690727,142.47948676454712,143.26903344221475,46397700,143.0633560180664,133.943583984375,0.0007485595262481937,0.008938331016641989,0
2021-08-06,142.66366577148438,143.61059289976055,142.16580285802874,142.86867690985883,54126800,142.84880676269532,134.32391159057616,-0.004767100365217991,0.008007590143110529,0
2021-08-09,142.61483764648438,143.210327688173,142.0584044347056,142.72222158501236,48908700,142.58746185302735,134.7338702392578,-0.000342260411829165,0.007876249297916403,0
2021-08-10,142.13648986816406,144.1962980261516,141.8436232545715,142.95650446957146,69023100,142.494677734375,135.14732315063478,-0.003354123499449968,0.006458978676357931,1
2021-08-11,142.39035034179688,143.22989365517753,142.06819844175104,142.57583309295842,48493500,142.6017639160156,135.57228668212892,0.0017860330860026696,0.0050334727775765975,1
2021-08-12,145.34823608398438,145.5044336133679,142.37078584930737,142.71246608285676,72282600,142.94029998779297,136.04120162963866,0.020773077214062186,0.0080804238809393,1
2021-08-13,145.55325317382812,145.88516176552068,144.74299521470792,145.42634081402107,59375000,143.27789611816405,136.5438493347168,0.0014105234116861265,0.008081691202960735,1
2021-08-16,147.52520751953125,147.59354953492934,142.98582599022765,145.00657783567002,103296000,143.8458267211914,137.04012298583984,0.013547992248226226,0.008597073206322947,0
2021-08-17,146.61734008789062,148.07188700426227,145.5435005089824,146.6563820290242,92229700,144.14361877441405,137.51804443359376,-0.0061539817289898435,0.008543820113744306,0
2021-08-18,142.87843322753906,147.134719463398,142.67342208980006,146.23660593235846,86326000,144.10748291015625,137.90481201171875,-0.02550112325124887,0.012214457888080846,1
2021-08-19,143.2103271484375,144.4794059910355,141.06266328178802,141.58005455752308,86960300,144.09381408691405,138.29061431884764,0.0023229112568017296,0.01223795470166096,1
2021-08-20,144.6648712158203,144.9674945787487,143.2884086013903,143.9327121522913,60549600,144.29393463134767,138.7253924560547,0.01015669816796927,0.01250288425196191,1
2021-08-23,146.14874267578125,146.6173203855108,144.3720292286724,144.78203658666285,60131800,144.64732513427734,139.16567443847657,0.010257303293397246,0.012778938316871298,0
2021-08-24,146.06089782714844,147.27140659304087,145.60207679709836,145.89494350289067,48606400,145.03976593017578,139.54317932128907,-0.0006010646894697436,0.012667386895564828,0
2021-08-25,144.8308868408203,146.7442698916124,144.28421022511418,146.24639198416384,58991300,145.28381958007813,139.91245986938478,-0.008421220221333625,0.013159828349157124,0
2021-08-26,144.0303497314453,145.57276688380205,144.00106455542348,144.82109417148567,48597200,145.15203094482422,140.2557879638672,-0.005527392166388201,0.011460427258945092,1
2021-08-27,145.065185546875,145.2116114656549,143.33728522616812,143.97181740197544,55802400,145.1032241821289,140.58784057617189,0.007184845536786,0.011729345136377944,1
2021-08-30,149.4776153564453,149.83882401907485,145.07490345956626,145.45562564226032,90956700,145.2984649658203,141.0340704345703,0.030416876336910814,0.014759582834759486,0
2021-08-31,148.21835327148438,149.1652806367618,147.6911901527622,149.02861147557854,86453100,145.45856628417968,141.41924407958984,-0.008424419147697093,0.014905664221236294,1
2021-09-01,148.8821258544922,151.293371319359,148.71617155840954,149.1945209265185,80313700,146.058935546875,141.78494140625,0.004478342717733508,0.011587105339711681,1
2021-09-02,149.99501037597656,151.03956466217258,148.77474502994417,150.20977826854366,71115500,146.7374038696289,142.17835540771483,0.007474937069155141,0.011609662647905647,1
2021-09-03,150.6295623779297,150.9517142276546,149.44833892893834,150.10239938899159,57808700,147.33387298583983,142.59011444091797,0.004230487403298122,0.011450304481166053,1
2021-09-07,152.96270751953125,153.51914078415754,150.71741625258127,151.2836211735212,82278300,148.01526947021483,143.05438415527342,0.015489291111048242,0.011874246499837184,0
2021-09-08,151.42027282714844,153.30435519689405,150.31714828986404,153.24578484904103,74420200,148.55120697021485,143.45524780273436,-0.01008373032483012,0.012689096781249198,0
2021-09-09,150.4050750732422,152.39654212564548,150.2879194378151,151.79129510992104,57305700,149.10862579345704,143.8055908203125,-0.006704503531473227,0.012517614605815422,0
2021-09-10,145.4263458251953,151.78148246152148,145.16276433644302,151.3129047338198,140893200,149.24822540283202,144.0440771484375,-0.03310213598591938,0.01703557017588083,1
2021-09-13,145.9925537109375,147.81806596111582,145.21158088499752,147.04686479158386,102404300,149.3409622192383,144.28784423828125,0.0038934340440814896,0.016936364930239475,0
2021-09-14,144.59658813476562,147.47642687466802,143.4153793726529,146.77355269563384,109296300,148.8528594970703,144.45125061035156,-0.009561895731585501,0.013537164710734887,1
2021-09-15,145.48489379882812,145.8851443505808,142.88816593560387,145.02607290209997,83281300,148.5795135498047,144.59226318359376,0.006143337650779124,0.01369906187494114,0
2021-09-16,145.2506103515625,145.4263362978241,143.71796490468603,144.90894501042473,68034100,148.21636199951172,144.67887756347656,-0.0016103627060386483,0.013524477622725314,0
2021-09-17,142.58558654785156,145.27994241453277,142.29271983680104,145.27994241453277,129868800,147.4754196166992,144.73811950683594,-0.01834776320223752,0.013893288219192532,0
2021-09-20,139.539794921875,141.3945924183066,137.90952209387459,140.37933813407227,123478900,146.36644287109374,144.6999899291992,-0.02136114666088218,0.014360342460778244,1
2021-09-21,140.01815795898438,141.16033974315945,139.38362576406158,140.50626423071614,75834000,145.07198791503907,144.6833203125,0.003428147772305268,0.012612835471821938,1
2021-09-22,142.380615234375,142.94680544027904,140.28174918379625,141.0139086418493,76404300,144.16802215576172,144.69167510986327,0.016872506465073434,0.014954672744240987,1
2021-09-23,143.33724975585938,143.5813028239796,142.17555476827644,143.1615238009879,64838200,143.46123962402345,144.6507354736328,0.006718853686013659,0.01548108183913882,1
2021-09-24,143.4250946044922,143.96201429353556,142.09744541695585,142.19507259526048,53477900,143.26111450195313,144.6246139526367,0.0006128542914172197,0.011852604106229615,0
2021-09-27,141.91197204589844,142.48794860245857,140.39885495340664,142.00959923062172,74150700,142.85305633544922,144.60897491455077,-0.010549915011500044,0.012025314303595377,0
2021-09-28,138.53428649902344,141.30672576458994,138.31951860844126,139.84240736288436,108972300,142.246826171875,144.60259246826172,-0.02380127270574861,0.013652469526794117,1
2021-09-29,139.432373046875,141.01383184837374,138.6514004044236,139.0809361025626,74602000,141.64157409667968,144.5420407104492,0.006482774557458715,0.013681405426210321,0
2021-09-30,138.13401794433594,140.94551367693097,137.91925008166186,140.2426397437822,89056700,140.92991485595704,144.47014221191407,-0.009311719180900568,0.013738853966715377,1
2021-10-01,139.25668334960938,139.5202648503588,135.80089824481317,138.52452409983053,94639600,140.5970245361328,144.39340362548828,0.00812736371518441,0.013412020883523596,0
2021-10-04,135.83016967773438,138.8271483868743,134.98086980059804,138.38784096480848,98322000,140.22606201171874,144.21382385253906,-0.024605739483774758,0.013953288961227493,1
2021-10-05,137.75331115722656,138.8564357660988,136.04493972017434,136.17185207930245,80861100,139.99957733154298,144.06432434082032,0.01415842654143007,0.014852223823014711,1
2021-10-06,138.6221160888672,138.7685419433114,135.0784614531743,136.15230070514616,83221100,139.62372741699218,143.9754800415039,0.006306962238090907,0.013731182542168917,1
2021-10-07,139.8814697265625,140.78935501402486,139.32503639848235,139.6569450430087,61732700,139.2781494140625,143.94671966552735,0.00908479594185363,0.013928294309766923,0
2021-10-08,139.50071716308594,140.7502675851044,139.16880859069704,140.60384171370225,58773200,138.88571166992188,143.89747650146484,-0.0027219657058282776,0.013889353292110863,0
2021-10-11,139.41290283203125,141.3653278052875,138.43669034540312,138.88575464341304,64452200,138.63580474853515,143.84218872070312,-0.0006294901763983507,0.0136166354767115,0
2021-10-12,138.14381408691406,139.84242905892054,137.68499305819657,139.82290063970592,73035900,138.5967575073242,143.76814697265624,-0.00910309389831887,0.011610272210082723,0
2021-10-13,137.55804443359375,138.03637880787855,135.88871526309754,137.88019619968298,78762700,138.4093246459961,143.64651947021486,-0.004240288696182759,0.011415865432915295,1
2021-10-14,140.34027099609375,140.45742659800283,138.14379338196727,138.7295267040612,69907100,138.62994995117188,143.58852905273437,0.020225836838231093,0.012842808905630504,1
2021-10-15,141.3946075439453,141.45317790755652,140.09624319922384,140.35006796929892,67940300,138.84374237060547,143.54948089599608,0.007512715632998157,0.012809847418688448,1
2021-10-18,143.0639190673828,143.34701408719482,139.7545598847163,140.03765490452832,85589200,139.5671173095703,143.55748596191407,0.011806047998815572,0.009199980397385576,1
2021-10-19,145.22137451171875,145.62162523479623,143.06395310397025,143.5130025382052,76378900,140.31392364501954,143.60961669921875,0.015080360292099693,0.009303321546361817,1
2021-10-20,145.7094268798828,146.1877762179813,144.5965455732881,145.1627504339508,58418800,141.02265472412108,143.68107543945314,0.003360747478152293,0.009315664831072804,1
2021-10-21,145.9241943359375,146.08039186170322,144.35249211048287,145.2701339545865,61421000,141.6269271850586,143.75175231933594,0.0014739434548165509,0.009258997652571765,0
2021-10-22,145.15298461914062,146.60753116579318,145.10417103326708,146.12919675335147,58883400,142.19215393066406,143.74784729003906,-0.005285002396665295,0.009506419656475786,0
2021-10-25,145.1042022705078,145.8168331110648,144.10846150842693,145.14324421012236,50720600,142.76128387451172,143.73886627197265,-0.00033607540872004904,0.00949091409224177,1
2021-10-26,145.7680206298828,147.25185252804923,145.4653823192533,145.77777738990952,60893400,143.5237045288086,143.7037225341797,0.004574770054815325,0.008295067581260768,0
2021-10-27,145.3092041015625,146.16826078037482,144.95776708428832,145.80706700277705,56094900,144.29882049560547,143.67755981445313,-0.0031475801505550516,0.008159807016353902,1
2021-10-28,148.94070434570312,149.52642273545615,146.15849358297356,146.25612076250718,100077900,145.15886383056642,143.7988052368164,0.024991536266363523,0.009188079663696327,0
2021-10-29,146.23658752441406,146.3732566337639,142.927228830471,143.7179583128391,124953200,145.64306182861327,143.85933044433594,-0.018155660221752412,0.01190364021531243,0
2021-11-01,145.41659545898438,146.1389830509936,144.28418557941234,145.44588063726485,74588300,145.87832946777343,143.87436492919923,-0.005607297594336869,0.011816568749298281,1
2021-11-02,146.4513702392578,147.96450225059075,145.11394928812004,145.12372094423125,69122000,146.00132904052734,143.88041748046874,0.007115933205610547,0.011058213129347814,1
2021-11-03,147.88641357421875,148.35499132920407,146.25614074482093,146.81257403590004,54511500,146.21902770996093,143.91692779541015,0.009798770285429859,0.011399627811062294,0
2021-11-04,147.36904907226562,148.8040677773685,147.056653914814,147.97429607005193,60394600,146.36351318359374,143.96769104003906,-0.0034983910249029027,0.011510842454340179,1
2021-11-05,147.8969268798828,148.79635114627666,146.7042085245969,148.49328605752575,65463900,146.63790740966797,144.0450225830078,0.0035820127152910164,0.011308790950227934,0
2021-11-08,147.07571411132812,148.18044870579655,146.80197694204415,148.02402320404659,55020900,146.83505859375,144.08523315429687,-0.005552601976791971,0.011542917948311443,1
2021-11-09,147.4374542236328,148.0435844748696,146.70422637098488,146.8410949734435,56787900,147.002001953125,144.04442993164062,0.0024595502696718174,0.011497775604403343,0
2021-11-10,144.61209106445312,146.77267581374304,144.54366421842147,146.6651351263565,65187100,146.93229064941406,143.9723046875,-0.019163130386761762,0.013164984967161461,0
2021-11-11,144.5631866455078,146.0882980655143,144.37743321812488,145.62882237351127,41000000,146.49453887939453,143.8859259033203,-0.00033817655622947473,0.009722924872389373,1
2021-11-12,146.6357879638672,147.03660782102534,144.18190939663026,145.11066161989166,63804000,146.53445892333986,143.8187414550781,0.014336992469885956,0.009498256104298766,1
2021-11-15,146.64556884765625,148.483531417499,146.08830852560698,147.00728981052836,59222800,146.65735626220703,143.73906158447267,6.670188720558912e-05,0.009272054658936218,1
2021-11-16,147.6232147216797,148.1022623119589,146.0003334167105,146.5869216938867,59256200,146.77454071044923,143.63227172851563,0.006666726323241834,0.00923952155184103,1
2021-11-17,150.0575408935547,151.53376771191043,147.61344786594324,147.62321886773208,88807000,146.9916534423828,143.60501708984376,0.016490131152234744,0.010157449567463674,1
2021-11-18,154.339599609375,155.12171245230584,149.62739546351074,150.2726396777458,137827700,147.68870849609374,143.68370758056642,0.028536111483113302,0.013045183669343622,1
2021-11-19,156.9596710205078,157.41916174351337,153.02956490955935,154.1245139086052,117305600,148.59498291015626,143.91437408447266,0.016976015343852513,0.013592793064996484,1
2021-11-22,157.4191436767578,161.99447854129045,157.3995867561447,158.06437288139423,117467900,149.62932586669922,144.14290588378907,0.002927329378703769,0.013042037819360143,1
2021-11-23,157.8004150390625,158.18169292863084,155.502961782972,157.51689191338718,96041900,150.66562194824218,144.406982421875,0.002422013952048774,0.01304346181577889,1
2021-11-24,158.31854248046875,158.5140669022848,156.0699743356913,157.1551520319611,69463600,152.03626708984376,144.66365539550782,0.003283435225933884,0.009515781889185174,0
2021-11-26,153.30328369140625,156.8618824271744,152.8633499442556,156.00157185337474,76959800,152.9102767944336,144.82470886230467,-0.031678277923012144,0.01596113907651113,1
2021-11-29,156.65655517578125,157.58530732404222,155.23896961955737,155.8060008585356,88748200,153.912353515625,145.1061282348633,0.021873448523940464,0.016564895230850855,1
2021-11-30,161.6033935546875,161.81847488073362,156.3437019010155,156.41214364910118,174048100,155.40813598632812,145.54740020751953,0.0315776021843166,0.01807887169988999,0
2021-12-01,161.08523559570312,166.4915664393558,160.85059737024878,163.7346232310991,152052500,156.75433807373048,145.96874176025392,-0.0032063556809469596,0.018539244628373575,0
2021-12-02,160.09786987304688,160.52803264766237,154.27116024660182,155.19014164372396,136739200,157.75837097167968,146.32308685302735,-0.00612946133148029,0.018889602380847213,0
2021-12-03,158.22079467773438,161.271032766341,156.14820866843903,160.3520514474846,118023100,158.14649047851563,146.62075775146485,-0.011724548220416464,0.017976969631751057,1
2021-12-06,161.6229705810547,164.12571914002814,160.6062196554979,160.61599065605895,107497000,158.61282043457032,146.9847152709961,0.02150271024899042,0.018429582737744022,1
2021-12-07,167.35191345214844,167.7429772469704,164.57542763792551,165.2988844701773,120405400,159.60609741210936,147.4935140991211,0.03544634064389163,0.021077482085380635,1
2021-12-08,171.1647186279297,172.02504411674911,166.882663021836,168.28069194116756,116998900,160.9425277709961,148.14612274169923,0.02278315853778068,0.02163342641585493,0
2021-12-09,170.65634155273438,172.7973693361273,170.03065436230736,170.9985205283445,108923700,162.17630767822266,148.7706021118164,-0.002970104349018343,0.021885803316447502,1
2021-12-10,175.43698120117188,175.61296364291238,170.78343380069845,171.29180928871014,115402700,164.38967742919922,149.51666137695312,0.02801325520599085,0.017672647591642884,0
2021-12-13,171.8099365234375,178.0570365302883,171.6046261840087,177.06961358561998,153237000,165.90501556396484,150.16772644042967,-0.020674345014950246,0.020401726760211507,0
2021-12-14,170.4314727783203,173.76521877848376,168.35888695654498,171.33089709564845,139380400,166.78782348632814,150.8597525024414,-0.008023189886512405,0.019453277309298397,1
2021-12-15,175.29034423828125,175.4858686850592,168.45665517933287,171.19404218690133,131063300,168.20833435058594,151.6104931640625,0.028509238233720202,0.020436339517695128,0
2021-12-16,168.4077606201172,177.08918279763162,166.93153397693786,175.27077720416733,150185800,169.03932342529296,152.2062060546875,-0.039263906110014846,0.02522754437727029,0
2021-12-17,167.3128204345703,169.59071677301714,165.89524955752734,166.12987292514003,195432700,169.94852600097656,152.75483306884766,-0.006501720476034145,0.024886304225960817,0
2021-12-20,165.9539031982422,166.76534380811088,163.71512072913166,164.51677542044033,107499100,170.38161926269532,153.2838967895508,-0.008122014994419113,0.024581621791936993,1
2021-12-21,169.1214141845703,169.3267095815399,165.33794920445052,167.72338564818043,91185900,170.5585693359375,153.87806701660156,0.019086691697418834,0.02264442458702555,1
2021-12-22,171.71217346191406,171.9272548095711,168.300214735498,169.17031112645324,92135300,170.61331481933593,154.54943420410157,0.015318931016720994,0.021969977749293525,1
2021-12-23,172.337890625,172.8951510094844,171.35048238778492,171.91751377429944,68356600,170.7814697265625,155.24503112792968,0.0036439883700192244,0.02195220698519928,1
2021-12-27,176.29730224609375,176.3852860059842,173.1102106304085,173.12975263201184,74919600,170.86750183105468,155.9641717529297,0.02297470165576798,0.02131699798075969,0
2021-12-28,175.2805938720703,177.27498241938508,174.5375948565864,176.13114851029079,79144300,171.21456756591797,156.6418914794922,-0.005767010391368399,0.020145637195120566,1
2021-12-29,175.3685760498047,176.59062262185972,174.15630048000423,175.31969120341034,62348900,171.7082778930664,157.28798461914062,0.0005019504771794914,0.01984374589662972,0
2021-12-30,174.21493530273438,176.53194546765312,174.10739462067014,175.45653864701075,59773000,171.60073699951172,157.86785583496095,-0.006578377797529011,0.01784049976579147,0
2021-12-31,173.5989990234375,175.22186501048878,173.29591904054473,174.10735949284833,64062300,172.11986083984374,158.42564727783204,-0.0035354964155429602,0.011744395494308342,1
2022-01-03,177.93972778320312,178.79028222604728,173.73590007898758,173.85321176039008,104487900,173.18255157470702,159.06595794677733,0.02500434209980429,0.01303663649755348,0
2022-01-04,175.681396484375,178.8489462858369,175.1143651356069,178.5458811499138,99310400,174.15530090332032,159.67652618408204,-0.012691551948306956,0.01366158380845067,0
2022-01-05,171.00828552246094,176.14088047095728,170.7345483186125,175.5934060632604,94537600,174.34398803710937,160.1946078491211,-0.02659991925969052,0.016137807828601927,0
2022-01-06,168.1536102294922,171.37981619996555,167.80166021603034,168.83795333412328,96904000,173.98813171386718,160.6423196411133,-0.016693198719858526,0.016206798658149994,1
2022-01-07,168.31976318359375,170.2457092977057,167.2052575825263,169.0236630282213,86709100,173.58631896972656,161.10253082275392,0.0009881022112745441,0.016126064078489398,1
2022-01-10,168.33932495117188,168.64239004792708,164.40921985835627,165.2988731483881,106765600,172.79052124023437,161.49050323486327,0.00011621788914228937,0.013572788265329061,1
2022-01-11,171.1647186279297,171.26247339503044,166.99998962694013,168.46644539148625,76138300,172.37893371582032,161.9890658569336,0.01678391948867164,0.015127901141271343,1
2022-01-12,171.60462951660156,173.21772467571947,170.91051556767007,172.1814317936139,74805200,172.0025390625,162.51282653808593,0.0025701026017408424,0.01518404628535411,0
2022-01-13,168.33932495117188,172.6702498945838,167.94826118313497,171.8490383580425,84505800,171.41497802734375,162.95058563232422,-0.019028068034223966,0.01607934555657678,1
2022-01-14,169.1996307373047,169.89374460419103,167.2638988741002,167.50830810674722,80440800,170.97504119873048,163.37684997558594,0.005110545538794087,0.016296770399987878,0
2022-01-18,166.00277709960938,168.6814931182034,165.6214992398613,167.67452813175186,90956700,169.7813461303711,163.7495245361328,-0.01889397526321246,0.013803183300565436,0
2022-01-19,162.5126190185547,167.25416515581253,162.22911080921511,166.19831524532339,94815000,168.46446838378907,164.04183837890625,-0.0210246969480542,0.014433276680561541,0
2022-01-20,160.83111572265625,165.8854990523026,160.50849360575597,163.2458811802376,91420500,167.4467514038086,164.31694641113282,-0.010346909095757417,0.01289784169482036,0
2022-01-21,158.77804565429688,162.61038131219433,158.67050497614542,160.74309086318223,122848900,166.50919494628906,164.5437582397461,-0.01276537850983872,0.012593650465514557,0
2022-01-24,158.0056915283203,158.67049246380245,151.2404450916643,156.44148123567246,162294600,165.47778778076173,164.81163024902344,-0.004864363475402533,0.012385204065372331,0
2022-01-25,156.2068328857422,159.1201868610098,153.50856023591945,155.424720331175,115798400,164.26453857421876,165.04450317382813,-0.011384771176142783,0.012263366518553778,0
2022-01-26,156.11886596679688,160.7137572085088,154.29068942101793,159.84366081362626,108275300,162.75995330810548,165.23416473388673,-0.0005631438607404116,0.009344294983171833,0
2022-01-27,155.65939331054688,160.17607231774176,154.74041197266266,158.81715723147198,121954600,161.1654296875,165.41444122314454,-0.0029430950154846203,0.008719767203552426,1
2022-01-28,166.5209503173828,166.54050723879885,159.15934320684596,162.00427111169125,179935700,160.98359222412108,165.7923959350586,0.06977771643479747,0.026077016314483708,1
2022-01-31,170.87142944335938,171.08651082179728,165.71927719769477,166.3547503312831,115541600,161.15077209472656,166.2086737060547,0.026125716419974188,0.027417683921812586,0
2022-02-01,170.70523071289062,170.93008309016165,168.45666218750117,170.11864243059435,86213900,161.6210174560547,166.535986328125,-0.0009726537140244407,0.02652126138800631,1
2022-02-02,171.90768432617188,171.94679815950911,169.45382085751916,170.8420635898593,84914300,162.5605239868164,166.8349465942383,0.007044034961668277,0.025132867153628002,0
2022-02-03,169.03341674804688,172.29873538364427,168.27086114724798,170.57808486487306,89418100,163.38075408935546,167.06723205566405,-0.016719831864359547,0.02566605843807708,0
2022-02-04,168.74957275390625,170.42346859121156,167.0756769166009,168.05455952783922,82465400,164.3779067993164,167.28621520996094,-0.0016792182256110122,0.02503191200224359,0
2022-02-07,168.0349884033203,170.27662295458384,167.3399751947351,169.20964451994723,77251200,165.3808364868164,167.48054412841796,-0.004234584650641082,0.025001246709570643,1
2022-02-08,171.1380615234375,171.64708470161528,167.8098514342005,168.10351922686326,74829200,166.87395935058595,167.8372396850586,0.018466827353057713,0.024410998936504346,1
2022-02-09,172.55743408203125,172.91961588647231,171.20657123174874,172.3322952525055,71285000,168.51781616210937,168.1552572631836,0.008293728151170798,0.024167591847824937,0
2022-02-10,168.48526000976562,171.77430598076174,167.92730472233933,170.46260694632986,90865900,169.80040283203124,168.29289459228517,-0.02359894891766745,0.02622212927177969,0
2022-02-11,165.07875061035156,169.4249914689082,164.4914151129285,168.69082956541044,98670700,169.65618286132812,168.37276489257812,-0.020218441656063124,0.01634119589794637,1
2022-02-14,165.31369018554688,165.99890498473425,163.04267549502603,163.83556797241158,86185500,169.10040893554688,168.47708129882812,0.0014231969549483026,0.013436029921477152,1
2022-02-15,169.14112854003906,169.29775335068365,166.65477315145358,167.35956986279012,62527400,168.94399871826172,168.69548797607422,0.023152579500199222,0.015835901453740767,0
2022-02-16,168.90621948242188,169.67953027359678,166.45901263665095,168.22100455291906,61177400,168.64385223388672,168.84115295410157,-0.0013888346355781511,0.015594049135108985,0
2022-02-17,165.31369018554688,168.27970312361404,164.91234475439344,167.41828169802858,69589300,168.27187957763672,168.80038848876953,-0.0212693724830475,0.016139379782696004,0
2022-02-18,163.7670440673828,166.93861378532614,162.68048390268257,166.23383213199764,82772700,167.77362670898438,168.6524349975586,-0.009355825984091903,0.016298642285967682,0
2022-02-22,160.8499755859375,163.16992227378196,158.72578746937097,161.4960266681506,91162800,167.05512542724608,168.45630767822266,-0.017812304655416944,0.016976146679989975,0
2022-02-23,156.6897430419922,162.64133603328534,156.37649344425944,162.04421705709984,90009200,165.61029357910155,168.08136291503905,-0.025864054556368976,0.016158946826684062,1
2022-02-24,159.30335998535156,159.4110376690062,148.79015546543386,149.35790916683425,141147500,164.2848861694336,167.83123138427734,0.01668020441299034,0.01731323203014991,1
2022-02-25,161.36878967285156,161.6330771993794,157.472826482258,160.38010876655954,91974200,163.5732391357422,167.64997772216796,0.012965386842373805,0.017472113856539483,1
2022-02-28,161.63308715820312,161.92675492011216,158.99989062280463,159.61659142915732,95056600,163.22867279052736,167.3768325805664,0.0016378476029186295,0.01658589411219064,0
2022-03-01,159.75367736816406,163.08188800417662,158.54965565066482,161.2220016361372,83474400,162.67267150878905,167.20375091552734,-0.011627630351448648,0.016800159347530333,1
2022-03-02,163.0426788330078,163.82578787806702,159.50891214996344,160.91850544375748,79724800,162.06282653808594,167.1183480834961,0.020587954650107987,0.016365636067171143,0
2022-03-03,162.7196807861328,165.34309441078548,162.05404766344782,164.91238359654656,76678400,161.44417266845704,167.0536636352539,-0.0019810644009709,0.016358037664436668,0
2022-03-04,159.7242889404297,162.0540345545001,158.67689221468046,161.01642127862274,83737200,160.8852325439453,166.8657211303711,-0.018408294751020682,0.016036593898087342,0
2022-03-07,155.93601989746094,161.5352302369313,155.68150083148916,159.91028134097652,96418800,160.1021301269531,166.55019805908202,-0.02371755146383281,0.017235679754157112,0
2022-03-08,154.1152801513672,159.44040392728598,152.50991327214726,155.46614292973925,131148300,159.42866058349608,166.18574584960936,-0.01167619737435277,0.016823428170348077,1
2022-03-09,159.50892639160156,159.95921898709753,156.04368834876885,158.06996768709067,91454900,159.71057891845703,165.84997833251953,0.03499747873758463,0.018963960173374927,0
2022-03-10,155.1724853515625,157.0029911685478,152.6861150001443,156.81700107101284,105342000,159.29749145507813,165.44781616210938,-0.027186196648286032,0.02020954583304044,0
2022-03-11,151.4625244140625,155.9164439341305,151.23738556277695,155.57382899544626,96970100,158.3068649291992,164.96969512939452,-0.0239086261272069,0.020448790774159183,0
2022-03-14,147.43930053710938,150.86538982544317,146.9302923114544,148.25177493215907,108732100,156.88748626708986,164.43418243408203,-0.02656250377786251,0.02118987995065901,1
2022-03-15,151.81492614746094,152.28480063427574,147.204396636905,147.71340492610565,92964300,156.09361114501954,163.9985009765625,0.029677471301149172,0.024393205615971626,1
2022-03-16,156.21987915039062,156.6212246232631,151.19822129277074,153.73352378158447,102300200,155.4113311767578,163.56410400390624,0.02901528271766285,0.025489384850684603,1
2022-03-17,157.22808837890625,157.60006847550426,154.30123952375973,155.26054010615638,75615400,154.86217193603517,163.19503784179688,0.00645378318046852,0.025701379286562014,1
2022-03-18,160.51718139648438,161.00662274780382,156.38629519642316,157.1204572234023,123511700,154.94146118164062,162.98521575927734,0.020919245737133663,0.02610969004806866,1
2022-03-21,161.8876495361328,162.8371670898303,159.56768703876222,160.0571284608097,95811400,155.5366241455078,162.85989654541015,0.008537828335418718,0.024698374485399865,1
2022-03-22,165.25497436523438,165.84229498697943,161.42753966012307,162.01486028186812,81532000,156.65059356689454,162.79860076904296,0.02080038124433936,0.024538826884415166,1
2022-03-23,166.61563110351562,168.99430889731204,164.1096788423283,164.44251031244588,98062700,157.36126403808595,162.76412689208985,0.008233680973947832,0.022558831817025313,1
2022-03-24,170.39410400390625,170.46261801995993,166.61561651162776,167.44765777264146,90131400,158.8834259033203,162.74871459960937,0.022677781642486572,0.020133185129627963,1
2022-03-25,171.0303955078125,171.57856745870845,169.10199529276142,170.20813758146855,80546200,160.8402130126953,162.7372299194336,0.0037342342777990645,0.016613693681931163,1
2022-03-28,171.89183044433594,172.01907505501657,168.3678462915148,168.53425457976377,90371900,163.28546600341798,162.80828002929687,0.005036735920335822,0.010130613839871953,1
2022-03-29,175.18081665039062,175.2297488255487,172.6161343745908,172.95874922006587,100589400,165.62205505371094,162.9279037475586,0.01913404608905922,0.008974875373432908,0
2022-03-30,174.01596069335938,175.8171010585222,172.96854916161706,174.77948791199498,92633200,167.40166320800782,163.0881674194336,-0.006649449290763165,0.009609510324350763,0
2022-03-31,170.92271423339844,174.27049138056105,170.7171422878286,174.0845012718467,103049300,168.77112579345703,163.25636932373047,-0.01777564797870279,0.013225865687852797,0
2022-04-01,170.6290283203125,171.18699858724577,168.30908127405286,170.35494237968112,78751300,169.78231048583984,163.4523275756836,-0.0017182380610040182,0.012787367795744707,1
2022-04-04,174.6718292236328,174.72077634534207,170.75629847192283,170.88355800105404,76468400,171.06072845458985,163.7702032470703,0.02369351184331303,0.013941164483330395,0
2022-04-05,171.3632049560547,174.53479031608524,170.73672061862993,173.7516811601631,73401800,171.6715515136719,164.037353515625,-0.018941945488771927,0.015386719767149299,0
2022-04-06,168.20140075683594,169.963392443072,166.5373033062765,168.72020734548278,89058800,171.83012847900392,164.27724487304687,-0.018450893235975485,0.016772756035883123,1
2022-04-07,168.5048370361328,169.69907490999924,166.2632026288955,167.5455363451221,77594700,171.64120178222657,164.5249642944336,0.0018040056618526812,0.014989502795782358,0
2022-04-08,166.49815368652344,168.15246782773184,165.62694868711696,168.15246782773184,76575500,171.18797760009767,164.74173950195313,-0.011908758139560605,0.015252928129206254,0
2022-04-11,162.24977111816406,165.46050445879015,162.00505049807634,165.14726983208973,72246700,170.22377166748046,164.65631591796875,-0.02551609416857603,0.016562042759032662,1
2022-04-12,164.11947631835938,166.28279871101802,163.12101178667447,164.47187468621496,79265200,169.11763763427734,164.52127685546876,0.011523623036938657,0.0154339576872625,1
2022-04-13,166.80160522460938,167.42808955183875,163.24827119923606,163.85517369033073,70618900,168.39620208740234,164.44320434570312,0.016342538779780202,0.017022484195881392,0
2022-04-14,161.7994842529297,167.653212444084,161.55476362429968,167.0169298477089,75329400,167.48387908935547,164.2410403442383,-0.029988446243931488,0.01848808936040252,0
2022-04-18,161.58416748046875,163.08185675186522,160.11584349387897,160.45844346214486,69023900,166.5793930053711,164.0920553588867,-0.0013307630333626586,0.018496871497462236,1
2022-04-19,163.86492919921875,164.2760730051198,160.4486387361769,161.53519893963082,67723800,165.4987030029297,163.99436248779296,0.014115007394061019,0.017018900427504712,0
2022-04-20,163.69854736328125,165.31371275678185,162.59242008519655,165.19623667762264,67929800,164.73223724365235,163.90763366699218,-0.0010153596425457323,0.016466919248700706,0
2022-04-21,162.90567016601562,167.90776176039836,162.40644532626558,165.3430936610523,87227800,164.20266418457032,163.74298583984375,-0.004843520055838102,0.015726286986120518,0
2022-04-22,158.37342834472656,164.3250370614869,158.08955892864606,162.94482378114378,84882400,163.18952331542968,163.45930572509766,-0.02782126500980786,0.017404503475709973,1
2022-04-25,159.4404296875,159.72429911751857,155.11376965466397,157.71758646013552,96046400,162.48375091552734,163.27840911865235,0.006737249764215081,0.01770266644524077,0
2022-04-26,153.48878479003906,158.91178747297153,153.41047239469103,158.8236916294158,95623200,161.60765228271484,163.04660980224608,-0.03732832951545628,0.019579174187431925,0
2022-04-27,153.26365661621094,156.41564486229873,152.0987839265491,152.61759051221244,88063200,160.5220703125,162.80560913085938,-0.0014667402190725598,0.0187477355016568,1
2022-04-28,160.18435668945312,161.04577820352466,155.57381282317428,155.88706244158715,130216800,159.86034545898437,162.62647369384766,0.04515551974968468,0.024120089926117465,0
2022-04-29,154.3208465576172,162.69029635210208,153.92929946524063,158.42236732431553,131747600,159.11248168945312,162.33476623535157,-0.036604761245215944,0.024993846011546843,1
2022-05-02,154.62432861328125,154.8886162063275,150.03336604127583,153.40072515321864,123055300,158.41649780273437,162.12097900390626,0.0019665655187470765,0.025061086455405588,1
2022-05-03,156.11219787597656,157.31623426694395,153.0189401124905,154.81028218380573,88966500,157.64122467041017,161.9678820800781,0.009622478403230383,0.024736228973170796,1
2022-05-04,162.51409912109375,162.964376768375,155.8968429541357,156.29818841895514,108256500,157.5227798461914,162.00116455078125,0.04100833459665454,0.02866322328820347,0
2022-05-05,153.45945739746094,160.6150881198339,151.67788357069364,160.38994926297363,130525300,156.57815856933593,161.93655883789063,-0.05571603800902192,0.03363178189747676,1
2022-05-06,154.1848602294922,156.30235682996496,151.1458596477854,152.93984857664353,116124600,156.1593017578125,161.83418884277344,0.004726999849559377,0.032790046851470425,0
2022-05-09,149.0675811767578,152.7633948486293,148.50880608897836,151.8810971374127,131577900,155.12201690673828,161.58816467285158,-0.03318924468406104,0.033991076691418196,1
2022-05-10,151.46932983398438,153.65545553219349,149.92042149798846,152.45946320893722,115366700,154.92007141113282,161.38488952636717,0.016111810752323708,0.032727716239307245,0
2022-05-11,143.61700439453125,152.39087300235883,142.9405806152843,150.47925033829725,142689800,153.95540618896484,161.06215606689454,-0.05184102582390471,0.03649510777454901,0
2022-05-12,139.75457763671875,143.32294594487018,136.06857557991273,139.9604516553776,182602000,151.9124282836914,160.59639404296874,-0.026893937623166164,0.03215495554681185,1
2022-05-13,144.2149658203125,145.18548861119154,140.29368337256668,141.7445536898511,113990900,150.90184020996094,160.22629974365233,0.031915864646582026,0.03384161995228029,0
2022-05-16,142.67591857910156,144.61696502202452,141.3426813570236,142.68573136301794,86643800,149.70699920654297,159.8853323364258,-0.010671896862136654,0.033737385631598026,1
2022-05-17,146.3031005859375,146.8226694807634,143.7934664467187,145.9305738468132,78336300,148.72608947753906,159.6926739501953,0.025422524298134963,0.034975258121690216,0
2022-05-18,138.04884338378906,144.46013767388038,137.14693468480803,143.9601792294905,109742900,146.2795639038086,159.37134521484376,-0.05641888086507052,0.03400900262243798,0
2022-05-19,134.64710998535156,138.87229156176298,133.9118691553446,137.12732118856076,136095600,144.39832916259766,158.87410888671874,-0.024641520457946542,0.031249608569315697,1
2022-05-20,134.88233947753906,137.93113785871375,130.00034593006458,136.3528207232791,137426100,142.46807708740235,158.4683059692383,0.001747007360299646,0.031080319451540765,1
2022-05-23,140.29373168945312,140.44077384848245,134.94117272312687,135.07841705772444,117726300,141.59069213867187,158.2449301147461,0.0401193531553119,0.03423437521896086,0
2022-05-24,137.5978546142578,139.17617200488684,134.62748321427134,138.03899606760518,104132700,140.20354461669922,158.04810119628905,-0.019215948159129193,0.03357101766893059,1
2022-05-25,137.75469970703125,138.99969650386015,135.61759232548434,135.7058176181396,92482700,139.61731414794923,157.76689666748047,0.0011398803652362677,0.03006466167824515,1
2022-05-26,140.95053100585938,141.49950829001511,134.44120114221013,134.68628135538745,90601500,139.73690948486328,157.46150970458984,0.02319943570437033,0.029952974371198617,1
2022-05-27,146.69520568847656,146.73441193920726,142.4013957458045,142.5288422380691,90978500,139.98493347167968,157.25085205078125,0.04075667286686824,0.03106806612873447,0
2022-05-31,145.9109649658203,147.69515625482543,143.95032308788612,146.13644955191023,103718400,140.30843811035157,156.95872772216796,-0.005346055578133058,0.030868976606941757,0
2022-06-01,145.78350830078125,148.753879037452,144.77376414576858,146.95007745203338,74286600,140.25647888183593,156.63664489746094,-0.0008735235564298893,0.02981815809713582,1
2022-06-02,148.2343292236328,148.2931460840145,143.96992734384497,144.9208398093746,72348100,141.2750274658203,156.2962319946289,0.01681137291465795,0.022505645913532803,0
2022-06-03,142.51905822753906,145.05808578629097,141.6171647882395,144.0091352358549,88570300,142.06222229003907,155.81430053710938,-0.03855565054348131,0.024996878165325094,1
2022-06-06,143.26409912109375,145.64628674294468,142.04849579123675,144.13658414441952,71598400,142.90039825439453,155.27170043945313,0.005227657990590995,0.024955613290440593,1
2022-06-07,145.78350830078125,146.06779474236185,141.26422895235845,141.5093091448792,67808200,143.44937591552736,154.7667626953125,0.017585767789304763,0.02245754888733745,0
2022-06-08,145.0482940673828,146.92069570984725,144.5581335933167,145.65608826850138,53950200,144.19441986083984,154.22989196777343,-0.0050431920727380675,0.02123863820269212,0
2022-06-09,139.83297729492188,145.0384790561678,139.72514139394366,144.18560463111925,69473000,144.4022476196289,153.52293518066406,-0.0359557263737148,0.024991001973980135,0
2022-06-10,134.431396484375,137.98995082700978,134.36276684809005,137.51940103001422,91437900,143.75033416748047,152.7312438964844,-0.038628804986068466,0.026693406089551317,0
2022-06-13,129.2847137451172,132.53937106937602,128.85337019356888,130.25522177759234,122207100,142.00928497314453,151.89848388671874,-0.038284826862272525,0.0233257184963073,1
2022-06-14,130.14736938476562,131.25513655089347,128.89256009857948,130.51009821175379,84784300,140.43292541503905,151.0888507080078,0.006672526199417161,0.02402338780813454,1
2022-06-15,132.7648468017578,134.63726323315953,129.5592083618082,131.64728162043858,91533000,139.1310592651367,150.2507110595703,0.020111642896553095,0.0258625488838978,0
2022-06-16,127.50051879882812,129.78466802101963,126.50058741056863,129.48077097128098,108123900,137.05767822265625,149.3734573364258,-0.03965152018583873,0.02576314531206442,1
2022-06-17,128.9710235595703,130.4611156124141,127.25546187351353,127.5103548974603,134520300,135.70287475585937,148.58884979248046,0.011533323743273316,0.02546691610344062,1
2022-06-21,133.19619750976562,134.36278178825876,130.69639115129178,130.79441426737327,81000500,134.69608459472656,147.8826770019531,0.03276064524868838,0.028554466124656973,0
2022-06-22,132.6864471435547,135.04900927487205,131.2747825760473,132.13745484401576,73409200,133.3863784790039,147.20644287109374,-0.003827063953335208,0.027289974854592888,1
2022-06-23,135.54896545410156,135.8626603415122,132.9609190593017,134.12750324123766,72433800,132.4364456176758,146.6724267578125,0.021573554588057542,0.0289685490908553,1
2022-06-24,138.8722381591797,139.1173183416044,137.01943257838917,137.1468641014651,89116800,132.34037170410156,146.1674819946289,0.02451713809799183,0.028412730969860744,0
2022-06-27,138.8722381591797,140.66622688954945,138.19581446232633,139.8917651363233,70207900,132.78445587158203,145.6088946533203,0.0,0.0250533865578111,0
2022-06-28,134.73532104492188,140.59763645444562,134.61768731128618,139.33302894232776,67083400,133.3295166015625,145.06761138916016,-0.02978937452938546,0.02357813060839567,1
2022-06-29,136.49008178710938,137.90174634957765,133.98046254650382,134.75492447437682,66242400,133.9637878417969,144.56572967529297,0.013023761910230247,0.02373148676911881,0
2022-06-30,134.02947998046875,135.64700354645933,131.13753620204082,134.5490488814723,98964500,134.09025115966796,143.96902069091797,-0.018027696770513746,0.024099392265460342,1
2022-07-01,136.1959686279297,136.3038045198631,132.9903302157903,133.36284196732555,71051600,134.9597961425781,143.41896911621095,0.016164269590366542,0.01963361613679827,1
2022-07-05,138.77423095703125,138.82324999611623,134.23534018265374,135.05882114715405,73353800,135.94011688232422,142.93634033203125,0.0189305333709624,0.019968556541173976,1
2022-07-06,140.10745239257812,141.28383440664965,138.30366564043456,138.56835645511603,74064300,136.63124237060546,142.57102081298828,0.009607125374448522,0.01795961214890629,1
2022-07-07,143.46994018554688,143.66600133351363,140.46034846155806,140.470146283479,66253700,137.7095916748047,142.25161102294922,0.023999350038477196,0.01854863623766654,1
2022-07-08,144.14637756347656,144.64635079248632,142.1465295229667,142.40140757015126,64547800,138.5693328857422,142.06476287841798,0.004714836969018421,0.017933803959132653,0
2022-07-11,142.01907348632812,143.7542455393016,140.95052737444695,142.8033331399919,63141600,138.88401641845704,141.83987121582032,-0.014757943370527271,0.017804527635426705,1
2022-07-12,142.98959350585938,145.5286208059207,142.19553604555907,142.89155544175705,77588800,139.295751953125,141.49597595214843,0.006833730116009296,0.017833873865406268,0
2022-07-13,142.6269073486328,143.56800712971256,139.3232154144063,140.17610485424197,71185600,140.08491058349608,141.26209716796876,-0.0025364514181355213,0.013903847610037956,1
2022-07-14,145.54824829101562,146.01879814456234,140.4309718883509,141.244640047542,78140700,140.99072723388673,141.08057556152343,0.02048239702233734,0.014521065360581797,1
2022-07-15,147.21478271484375,147.8912065060331,145.2835494113212,146.83245817528143,76259900,142.30925750732422,140.90262725830078,0.011450047962761944,0.011696795907565522,0
2022-07-18,144.17581176757812,148.58725611818477,143.8130828380742,147.77358792071823,81420900,143.10724182128905,140.53586151123048,-0.02064310995963048,0.014754382878132927,1
2022-07-19,148.02847290039062,148.25394254490203,144.01896354895925,145.0090823866063,82982400,144.032666015625,140.42724182128907,0.026721965949623172,0.0156997805019953,1
2022-07-20,150.02828979492188,150.6949157224323,147.41083503397257,148.1460756395822,64823400,145.02474975585938,140.34411041259764,0.013509677262407038,0.01583114287096215,1
2022-07-21,152.2928466796875,152.50851845862235,148.94994906470606,151.45956799212024,65086600,145.90704040527345,140.40861572265624,0.015094199153113719,0.01499567392095412,0
2022-07-22,151.0576629638672,153.2045683993023,150.39105184778396,152.33208328648058,66675400,146.5981689453125,140.40038238525392,-0.008110582622558926,0.01565982063596575,0
2022-07-25,149.94004821777344,151.98891489270602,149.2832351431614,150.9791857674136,53623900,147.39026641845703,140.52684326171874,-0.007398596828292581,0.014786937927095732,0
2022-07-26,148.6166534423828,150.07732200029463,147.83239373585778,149.2636538636445,55138700,147.95297241210938,140.70408477783204,-0.008826159462537508,0.01544913391180342,1
2022-07-27,153.70448303222656,154.2338646113094,149.1656081545016,149.57734107239523,78620700,149.06072998046875,140.8938751220703,0.03423458590941997,0.01790767340737643,1
2022-07-28,154.25350952148438,154.53779601902812,151.37136349671525,153.89078059336344,81378700,149.93125610351564,141.12542694091798,0.0035719614576414926,0.017351193965433262,1
2022-07-29,159.3119354248047,160.409904944982,156.36117506106663,158.0669387195233,101786900,151.1409713745117,141.3856036376953,0.03279293883822976,0.019304209220348856,0
2022-08-01,158.33163452148438,160.37070393464464,157.72384030664722,157.84147403635484,67829400,152.55655364990236,141.79125946044923,-0.006153342501968528,0.01735262531851421,0
2022-08-02,156.86114501953125,159.21392420256825,156.48863324172908,156.94938527079637,59907000,153.4398208618164,142.2355401611328,-0.00928740176527132,0.017126555157913646,1
2022-08-03,162.8607635498047,163.31170291896473,157.58663077809626,157.67485609486485,82507500,154.7230682373047,142.79510864257813,0.038247958278810223,0.019902654637079527,0
2022-08-04,162.54701232910156,163.89986001020398,161.19416464799912,162.74307352499065,55474100,155.74848480224608,143.2401742553711,-0.0019264997526993177,0.01999571737780906,0
2022-08-05,162.32122802734375,162.81206933981917,160.01426786699392,160.22042780912037,56697000,156.87484130859374,143.73464172363282,-0.0013890399984755053,0.01955000704578978,0
2022-08-08,161.85003662109375,164.73618641729826,161.19231095001098,163.32256080452132,60276900,158.0658401489258,144.21654846191407,-0.0029028329318123713,0.019221150998905537,1
2022-08-09,161.89910888671875,162.78263230320212,160.25970057725633,161.0156004495246,63135500,159.3940856933594,144.63552001953124,0.0003031958883017438,0.018546790437532774,1
2022-08-10,166.1399688720703,166.23812814464867,163.8428202002786,164.60853143111325,70170500,160.63763427734375,145.02441528320313,0.02619446156630123,0.01746176155576695,0
2022-08-11,165.40370178222656,167.85790820975464,165.10919401506573,166.9449356294848,57149200,161.75265350341797,145.41427001953124,-0.004431607245639291,0.01786328176524329,1
2022-08-12,168.94761657714844,169.01632658420414,166.29706102264856,166.70938098214606,68039400,162.71622161865236,145.8775521850586,0.021425849341557335,0.01634717578483229,1
2022-08-15,170.0176239013672,170.21395743937939,168.21133138479297,168.37821564106778,54091700,163.88482055664062,146.3132180786133,0.006333367382724386,0.015782146647196297,0
2022-08-16,169.8605194091797,170.52807128910433,168.5156191962962,169.61509878760032,56377100,165.18475799560548,146.8600473022461,-0.0009240482755989987,0.01501076425670307,1
2022-08-17,171.3527069091797,172.92339013736907,169.4089794863745,169.60531301748716,79542000,166.03395233154296,147.4218194580078,0.008784781214553172,0.010709607854037486,0
2022-08-18,170.9600067138672,171.69626861182405,169.94887490568271,170.5673396933382,62290100,166.87525177001953,147.92534942626952,-0.0022917653441018038,0.010737000508843096,0
2022-08-19,168.378173828125,170.55751001123525,168.1720139278697,169.8605088981945,70346300,167.48094635009767,148.39194702148438,-0.015101969959929629,0.012405361117828964,0
2022-08-22,164.50057983398438,166.74862666169574,164.07844847706937,166.58174239756778,69026800,167.74600067138672,148.88529907226564,-0.023029077379700946,0.01497013331315423,0
2022-08-23,164.16680908203125,165.61971039901564,163.59743126526018,164.01956265497435,54147100,167.97277069091797,149.48000732421875,-0.0020289943797764387,0.015012873029709875,1
2022-08-24,164.4612579345703,165.03063554714507,163.20470561002094,164.25511301062056,53841500,167.80489959716797,150.1835382080078,0.0017935955153511873,0.012287617987898038,1
2022-08-25,166.9154815673828,167.02346724627097,165.2662620854037,165.688378388784,51218200,167.9560775756836,150.91890045166016,0.014922807131810378,0.013170330506793006,0
2022-08-26,160.62290954589844,167.91681938586046,160.56401098389765,167.44561591056575,78961000,167.12360687255858,151.47606170654296,-0.03769915146513292,0.01595335432930602,0
2022-08-29,158.42393493652344,159.91608162954805,156.89251255304256,158.19813716461735,73314000,165.96423797607423,152.09453002929686,-0.013690292471925547,0.0156368818741988,0
2022-08-30,155.99917602539062,159.58231130465205,154.8309714061125,159.16019500251252,77906200,164.5781036376953,152.6350930786133,-0.015305508679003266,0.01568476591565774,0
2022-08-31,154.34014892578125,157.6386032608909,154.2616125155062,157.37354474862363,87991100,162.87684783935546,153.0579721069336,-0.010634845272127214,0.01448159418870841,1
2022-09-01,155.06655883789062,155.51812435449008,151.83681534634707,153.77073087696763,74229900,161.28750305175782,153.50557434082032,0.0047065518412754415,0.015069127841081855,0
2022-09-02,152.95596313476562,157.42262194968552,152.13135334781393,156.82379496598037,76957800,159.7452819824219,153.8537142944336,-0.013610901789156582,0.015015994444316042,0
2022-09-06,151.69940185546875,154.21250676362826,150.8747921160952,153.60386838160778,73714800,158.4651641845703,154.11025756835937,-0.008215183334759901,0.01423896732853969,1
2022-09-07,153.10324096679688,153.80022729759784,150.79628062278962,151.9841232844313,87449600,157.3588073730469,154.3948776245117,0.009254084684299668,0.015178626089076172,0
2022-09-08,151.6306915283203,153.49588236025656,149.88328282837716,151.80738719524012,84923800,156.07575073242188,154.7327850341797,-0.009618016112382,0.014882846862213082,1
2022-09-09,154.4873809814453,154.92915012061422,151.91537744584716,152.62219009337275,68028800,154.83294067382812,155.09273101806642,0.01883978384805718,0.015587712395019188,1
2022-09-12,160.43641662597656,161.2512151668514,156.38207675156147,156.6667581794377,104956000,154.81429138183594,155.62086975097657,0.038508230295170476,0.017718917244798765,0
2022-09-13,151.02206420898438,157.59933535695706,150.56067213786505,156.97105902298662,122656600,154.07410430908203,155.91739166259765,-0.05867964776936996,0.025563032400180673,1
2022-09-14,152.46511840820312,154.22233860679495,150.79626102566698,151.95463927472932,87965400,153.72069854736327,156.1912094116211,0.009555254106591082,0.025601621256091653,0
2022-09-15,149.57894897460938,152.39638777057854,148.60709294324934,151.81718374523024,90481100,153.24457855224608,156.38063934326172,-0.01893003110302549,0.026043438503929667,0
2022-09-16,147.9395751953125,148.57767791761873,145.6522527794473,148.4402429431555,162278800,152.5318801879883,156.47003204345702,-0.01095992310773053,0.0260116286973233,1
2022-09-19,151.65032958984375,151.72886599832884,146.36888718799335,146.5750321533895,81474200,152.40131683349608,156.62011108398437,0.02508290556892745,0.02733132454552707,1
2022-09-20,154.02597045898438,155.1843635395565,150.2759512881002,150.59008188296497,107689800,152.63397369384765,156.8602490234375,0.015665253584122185,0.02762557565962788,0
2022-09-21,150.90426635742188,155.8323177224437,150.78646922639234,154.45795295017905,101696800,152.41407623291016,157.01854248046874,-0.020267387975288154,0.02831773105924133,0
2022-09-22,149.9421844482422,151.64049091114813,148.1457037475465,149.588778163199,86652500,152.24522552490234,157.16484802246094,-0.006375445389336876,0.028227527833173525,0
2022-09-23,147.67453002929688,148.69548848555903,145.83878806603744,148.42061851178616,96029900,151.5639404296875,157.20737365722655,-0.01512352529269756,0.027644998549431046,1
2022-09-26,148.00828552246094,150.95333323742267,146.8989794231201,146.91861726875362,93339400,150.32112731933594,157.2232437133789,0.002260074862590278,0.023494701019369228,1
2022-09-27,148.9801483154297,151.88593544780034,147.20330517830297,149.9422080635759,84442700,150.11693572998047,157.31933044433595,0.006566272891670444,0.015481128150227843,0
2022-09-28,147.0953369140625,147.88068609523327,142.18692325585735,144.93563790031018,146691400,149.5799575805664,157.30066772460938,-0.012651426533530796,0.015350698057638328,0
2022-09-29,139.87014770507812,144.0324877695267,138.10311583907216,143.42384928540386,128138200,148.60907745361328,157.0975048828125,-0.049119090792154374,0.02074791481387062,0
2022-09-30,135.6685028076172,140.47875548865403,135.47216932618974,138.69208635531004,124925300,147.38197021484376,156.7650180053711,-0.03003961149966239,0.02204137320488373,1
2022-10-03,139.8406982421875,140.44935170481597,135.16789396191245,135.67837316238783,114311700,146.2010070800781,156.5406787109375,0.030752867085786617,0.023048327560703127,1
2022-10-04,143.423828125,143.54162523892447,141.61752082886468,142.3734205948832,87830100,145.1407928466797,156.41035430908204,0.02562294044475477,0.024354440909017647,1
2022-10-05,143.71829223632812,144.68035173905943,140.39038961833376,141.4309855077748,79471000,144.4221954345703,156.31238708496093,0.0020531045306606543,0.024007190279636353,0
2022-10-06,142.76611328125,144.83746445591814,142.55996829483985,143.13915751475957,68402200,143.7045883178711,156.09361968994142,-0.006625314984347153,0.024009367214803304,0
2022-10-07,137.52394104003906,140.47881588020488,136.89566464180587,139.9290609248713,85925600,142.6895294189453,155.7590283203125,-0.036718603040511666,0.025950724759220025,1
2022-10-10,137.847900390625,139.29097534068862,136.03179615324555,137.847900390625,74899000,141.67349090576172,155.3297476196289,0.002355657844997472,0.025954445787785812,0
2022-10-11,136.43426513671875,138.76086345268553,135.68819163523887,137.33741147407548,77033700,140.4189025878906,154.8918002319336,-0.010255036528669437,0.025535042936247504,0
2022-10-12,135.80596923828125,137.78897231294513,135.62927355780315,136.58150689181417,70433700,139.2899658203125,154.4706967163086,-0.0046051180603926545,0.025515143561715237,1
2022-10-13,140.3708038330078,140.9598044199806,131.90868942611982,132.5173428390662,113224000,139.34003143310548,154.02089752197264,0.03361291569383984,0.02394201606843172,0
2022-10-14,135.84524536132812,141.87277603175662,135.65872326737428,141.66661609125816,88598000,139.35770568847656,153.4868621826172,-0.03224002675843851,0.024263017738778488,1
2022-10-17,139.8014373779297,140.282452315822,137.7006369919499,138.48598615048115,85250900,139.3537796020508,153.0364663696289,0.029122786050249205,0.024040861634188997,1
2022-10-18,141.1168975830078,144.01285874624452,138.03441429758362,142.8250309880353,99136600,139.12308654785156,152.62180358886718,0.009409489843241081,0.022644393065772445,1
2022-10-19,141.22486877441406,142.29489928414645,138.90809708603376,139.09461918905455,61758300,138.87374420166014,152.2083187866211,0.0007651188004804688,0.022626295056564074,0
2022-10-20,140.7634735107422,143.21768011702426,140.0370229627389,140.40025572638473,64522000,138.67348022460936,151.70078887939454,-0.0032670964234272626,0.022566909662479786,1
2022-10-21,144.5723876953125,145.14176534962488,140.03700430524796,140.25297565616944,86548600,139.37832489013672,151.28416259765626,0.02705896700026833,0.02030690032626267,1
2022-10-24,146.7124786376953,147.47818995640918,143.32567626964715,144.4938810962025,75981900,140.26478271484376,150.83945983886719,0.014802902383358685,0.020494089336416863,1
2022-10-25,149.549560546875,149.6968219607416,146.6241498720804,147.34077415249868,74732300,141.57631225585936,150.43009857177734,0.01933770007516422,0.019944628024731736,0
2022-10-26,146.61427307128906,149.20591401942318,145.32825653907994,148.1947823413551,88194300,142.65714263916016,149.96517364501952,-0.019627523242810807,0.021612684281370184,0
2022-10-27,142.14764404296875,146.31979510961392,141.48991849585923,145.35775035197634,109180200,142.83482666015624,149.38107238769533,-0.030465171874149544,0.022617073065475158,1
2022-10-28,152.8872528076172,154.61500878306214,145.11232844918345,145.4853576495381,164762400,144.53902740478514,149.01961730957032,0.07555249217779547,0.029419314906592515,0
2022-10-31,150.5312042236328,151.4147275390832,149.13721674827332,150.35450854811523,97943200,145.61200408935548,148.66267791748047,-0.01541036640215565,0.029950401358897625,0
2022-11-01,147.89051818847656,152.6025989544307,146.39837101303635,152.2393810863592,80379300,146.28936614990235,148.3304766845703,-0.01754244941290173,0.030985823134600823,0
2022-11-02,142.37342834472656,149.3826416112209,142.34397906464244,146.22162239502856,93604600,146.4042221069336,147.8946090698242,-0.03730523032395383,0.03379205358143412,0
2022-11-03,136.33609008789062,140.1842842462697,136.2084665510831,139.45783369878677,97918500,145.96148376464845,147.33210571289064,-0.04240495102932984,0.036536532437819916,0
2022-11-04,136.07057189941406,140.28896920604143,132.1373281619349,139.71864706361086,140814800,145.1113021850586,146.71520751953125,-0.0019475267943022123,0.03504104972152363,1
2022-11-07,136.60157775878906,136.8277351131925,133.40581664759068,134.82178704829124,83374600,144.10021209716797,146.23478088378906,0.003902429834479859,0.034504702142459494,1
2022-11-08,137.1719207763672,139.0697043062685,135.19547054516553,138.06673762400212,89908500,142.8624481201172,145.80974060058594,0.0041752300883759474,0.03355889117523517,0
2022-11-09,132.6191864013672,136.23777968306217,132.34386044564616,136.18861111865357,74917800,141.462939453125,145.34214080810546,-0.033189987784908004,0.03434113835074805,1
2022-11-10,144.41891479492188,144.41891479492188,137.17191586897493,138.88288280173376,118854000,141.6900665283203,145.14371612548828,0.08897451955287394,0.04526002188482468,1
2022-11-11,147.20164489746094,147.5064688885728,141.96059578034578,143.38640864839942,93979700,141.1215057373047,144.9864178466797,0.019268460135506427,0.03809600024316241,0
2022-11-14,145.8053436279297,147.77196548965426,144.9695233350431,146.4838305708861,73374100,140.64891967773437,144.84340545654297,-0.009485636322229318,0.0379298134291803,1
2022-11-15,147.53599548339844,151.02675299903876,146.0806992107757,149.67962155098414,89868300,140.61346740722655,144.76013732910155,0.011869605135221173,0.03777860309571046,0
2022-11-16,146.3068389892578,147.36881668355312,144.83187247009243,146.6411761367448,64218300,141.00680847167968,144.62420928955078,-0.008331231236914927,0.0356159071406401,1
2022-11-17,148.20465087890625,148.95196191687904,143.71091192910288,143.98623783804743,80389400,142.19366455078125,144.5556884765625,0.012971450294184672,0.031826348438843424,1
2022-11-18,148.76515197753906,150.1516244369956,147.46718893347042,149.7681336507777,74829600,143.46312255859374,144.44124389648437,0.0037819400086895882,0.031662103971248294,0
2022-11-21,145.5398712158203,147.8604860232478,145.2547175972566,147.65399909356225,58724100,144.35695190429686,144.14331298828125,-0.021680351337964643,0.03315350337294172,1
2022-11-22,147.67364501953125,147.9096450709946,144.47788413446048,145.65786938764137,51804100,145.4071243286133,144.0763446044922,0.014661094488305437,0.03322576431897062,1
2022-11-23,148.548828125,149.29613922514196,146.84768896962234,146.95585380028717,58301400,147.00008850097657,143.99801879882813,0.00592646782269779,0.02999872877542784,0
2022-11-25,145.6382293701172,146.39538323134536,144.6647458342524,145.83488861865806,35195900,147.12201995849608,143.9192044067383,-0.019593549081609818,0.01471700065288832,0
2022-11-28,141.81314086914062,144.19275214587688,140.98716307142482,142.7177853624681,69246000,146.58316955566406,143.79667572021484,-0.026264316158744916,0.015441729055792523,0
2022-11-29,138.8140411376953,142.393293327039,138.00773375100172,141.88196729880755,83763800,145.88403930664063,143.53994995117188,-0.021148249824131327,0.016348239988906735,1
2022-11-30,145.5595245361328,146.23801151936658,138.20436253781247,139.04016787618127,111380900,145.68639221191407,143.37062103271484,0.04859366778139096,0.02319509139002623,1
2022-12-01,145.83486938476562,146.64119170281938,144.16324348642758,145.73654727553216,71250400,145.63919525146486,143.26923309326173,0.0018916305855647408,0.023066302253231807,0
2022-12-02,145.34320068359375,145.53003217962117,143.21924526160134,143.52408428382984,65447400,145.3530502319336,143.17725341796876,-0.003371407011547256,0.022612867490216813,0
2022-12-05,144.18292236328125,148.40132070138284,143.33727415278167,145.30389650239576,68826400,144.89482727050782,143.10742126464845,-0.007983024419823903,0.022600839333698844,0
2022-12-06,140.52500915527344,144.84174478338647,139.55152565219004,144.61558740538712,64727200,144.39334106445312,142.9577557373047,-0.025369947758385636,0.022968675957100827,0
2022-12-07,138.58787536621094,140.97731424983792,137.66356048798676,139.8170142991394,69721100,143.4847640991211,142.7499102783203,-0.013784975362798657,0.022252101965593983,1
2022-12-08,140.26931762695312,141.12480845757423,138.7451974772698,139.9841640195035,62128300,142.6568130493164,142.6133898925781,0.012132679401420043,0.02270701326246458,0
2022-12-09,139.7875213623047,143.14061609699272,138.5485396692002,139.9645101732408,76097000,142.07174224853514,142.61173736572266,-0.003434794385538953,0.022160202551427907,1
2022-12-12,142.07861328125,142.0884409898644,138.7058487137347,140.31847817047847,70462700,142.0982894897461,142.7399395751953,0.016389817178367405,0.021465783990202263,1
2022-12-13,143.0422821044922,147.46718252429508,141.8328135242381,147.00502505789572,93886200,142.52111358642577,142.8039712524414,0.0067826451918879815,0.020127066222175714,0
2022-12-14,140.8199920654297,144.21241242784126,138.80420126905452,142.92427726159215,82291200,142.04716033935546,142.75189453125,-0.015535896144603711,0.013008998293961542,0
2022-12-15,134.2219696044922,139.43352160827794,133.7598121718234,138.75503452609877,98931900,140.88587036132813,142.5619680786133,-0.04685430217800213,0.018745374100159307,0
2022-12-16,132.26513671875,135.3527321802719,131.49815545789718,134.40876216882202,160156900,139.57806396484375,142.3519485473633,-0.014579080395767718,0.01876608549465275,0
2022-12-19,130.16090393066406,132.94367653807714,129.12843913282236,132.8551821275431,79592600,138.17586212158204,142.20468780517578,-0.015909202079157136,0.018874933724900338,0
2022-12-20,130.09210205078125,131.02624488591258,127.72231796066876,129.19728507007866,77432800,137.1325714111328,142.0495718383789,-0.0005285909808944167,0.018254196507566225,1
2022-12-21,133.18946838378906,134.52677190815584,130.53453175568677,130.76068907847488,85928000,136.5927307128906,141.98467590332032,0.023809026714002757,0.020550164494437223,0
2022-12-22,130.0232391357422,132.31435609146064,128.12545567267372,132.10786913644063,77852100,135.56812286376953,141.86902130126953,-0.023772369440827723,0.020598993414738906,0
2022-12-23,129.6593780517578,130.21002976434445,127.47642661676507,128.73506338957282,63814900,134.55530853271483,141.65479278564453,-0.0027984311604828394,0.0206134559892503,0
2022-12-27,127.85991668701172,129.21689054689435,126.5717817929533,129.18739241986506,69007800,133.13343887329103,141.4950862121582,-0.013878374181524933,0.018899453938953207,0
2022-12-28,123.93653106689452,128.84325132058044,123.76936998157427,127.50594763388183,85438400,131.22286376953124,141.1777880859375,-0.030685031883144864,0.018844603438387,1
2022-12-29,127.44695281982422,128.30242867918332,125.5983306446105,125.8539861302219,75703700,129.88555984497071,140.90438919067384,0.028324350558391442,0.02309188074289623,1
2022-12-30,127.76158142089844,127.78125184057714,125.30331160781724,126.26695961626481,77034200,129.23952102661133,140.6351234436035,0.0024687024217755482,0.019212875477118502,0
2023-01-03,122.98270416259766,128.71540148347327,122.09772277878758,128.10575347623433,112117500,128.3112777709961,140.27950805664062,-0.03740465017067396,0.02170407605636708,1
2023-01-04,124.25118255615234,126.51280092971427,122.9925456360047,124.77233620258212,89113600,127.72030563354492,139.87308395385742,0.010314282826938026,0.022093765225152745,0
2023-01-05,122.93356323242188,125.6376690392261,122.67790772126833,125.0083504698081,80962700,127.00445175170898,139.39750564575195,-0.010604481153610013,0.02212655798648065,1
2023-01-06,127.4567413330078,128.11555776974387,122.80568544146784,123.90699624027094,87754700,126.43117904663086,138.9556492614746,0.03679367929842137,0.02430621723247219,1
2023-01-09,127.97791290283205,131.18351617146814,127.72225745979352,128.29257960577254,70790800,126.22664642333984,138.58292205810548,0.004089007488921936,0.023383071148471393,1
2023-01-10,128.5482635498047,129.06941726347972,125.98182082594903,128.08610610497774,63896200,126.11553497314453,138.3109344482422,0.004456633445848457,0.023445195766951726,1
2023-01-11,131.26217651367188,131.28183192855658,128.28274570808514,129.0595547117696,69458900,126.45576095581055,137.8784329223633,0.021112015743532053,0.023852881112918046,0
2023-01-12,131.18353271484375,132.0193381171801,129.24640871746402,131.6456901154858,71379600,127.18046112060547,137.4914794921875,-0.0005991352643762715,0.02085726139513973,1
2023-01-13,132.51097106933594,132.66830441383743,129.4627162913207,129.82653652186355,57809700,127.68686294555664,137.1838885498047,0.010118940441844027,0.019427505879063386,1
2023-01-17,133.67129516601562,134.99875596810472,131.8915047175872,132.5798193932039,63646600,128.27783432006837,137.00984588623047,0.008756437956163987,0.019471461349216658,0
2023-01-18,132.95350646972656,136.2967583598761,132.77650266153844,134.53663801277594,69672800,129.27491455078126,136.9421942138672,-0.005369804305386472,0.013490765637734279,1
2023-01-19,133.0124969482422,133.9761376268957,131.53753029546903,131.84235433638028,58280400,130.15104598999022,136.88103271484374,0.0004436925364510458,0.013655137924079954,1
2023-01-20,135.56910705566406,135.71661273457056,131.98002726434026,133.02233471040634,80223600,131.41460037231445,136.86038330078125,0.019220826359020338,0.012620226691462528,1
2023-01-23,138.75502014160156,140.92814412125819,135.59858513124948,135.81491475833332,81760300,132.54442825317383,136.89204528808594,0.0235002881934554,0.009874303325651222,1
2023-01-24,140.15130615234375,140.77079684177573,137.9585269717819,137.9683546796287,66435100,133.761767578125,137.04268768310547,0.010062958510021813,0.009752851919725329,0
2023-01-25,139.49249267578125,140.05297211797858,136.49339126221906,138.53867984910516,65799300,134.85619049072267,136.94415924072266,-0.004700730194025948,0.010634659856609958,1
2023-01-26,141.55746459960938,141.8426182007582,139.53183124401355,140.78064047196506,54105100,135.8857192993164,136.83127563476563,0.014803462782959187,0.009952431020680821,1
2023-01-27,143.4945831298828,144.77289057415175,140.69215546789684,140.77082215722044,70555800,137.1168243408203,136.7850604248047,0.013684326261087731,0.009661910165954699,0
2023-01-30,140.6134796142578,143.12092578303154,140.46598895897412,142.54077586673455,64015300,137.9270751953125,136.64661010742188,-0.020078134329413633,0.013318387503005855,1
2023-01-31,141.88192749023438,141.931096037562,139.90547792238985,140.31846671250062,65874500,138.74813842773438,136.5581118774414,0.009020812794450883,0.01332465670066641,1
2023-02-01,143.0029296875,144.16324461699494,138.961535368266,141.56730384751015,77663600,139.75308074951172,136.45407745361328,0.007900951284600888,0.012706465175243731,1
2023-02-02,148.302978515625,148.65695608667727,145.69719525256042,146.41500811186492,118339000,141.28212890625,136.444833984375,0.037062519206473965,0.015461442900032315,1
2023-02-03,151.9215545654297,154.75349514117664,145.36287177724367,145.5595309829737,154357300,142.91737365722656,136.5724676513672,0.024399887891823013,0.015847552622876047,0
2023-02-06,149.19778442382812,150.54493079230497,148.26364190831887,150.02377712562708,69858300,143.9616500854492,136.60295043945314,-0.01792879324723129,0.017689145215621854,1
2023-02-07,152.06906127929688,152.63938353904294,148.12598902287087,148.12598902287087,83322600,145.15342559814454,136.67335510253906,0.019244768724663297,0.018075496080375272,0
2023-02-08,149.38461303710938,152.0002240332312,148.64712974900903,151.31190929849808,64120100,146.14263763427735,136.74828277587892,-0.01765282312920391,0.019520149316934705,0
2023-02-09,148.3521270751953,151.75438976697808,147.9096401221254,151.21356571138807,56007100,146.82210388183594,136.8790625,-0.006911595116276037,0.0197675233071972,1
2023-02-10,148.7165069580078,149.0414968354293,146.95369947058745,147.1900598433605,57450700,147.34429626464845,137.07711181640624,0.0024561823951996242,0.019528941438440004,1
2023-02-13,151.51336669921875,151.91712829057613,148.62785906834173,148.65740223290342,62199000,148.43428497314454,137.19618865966797,0.01880665299650075,0.018074011390181503,0
2023-02-14,150.87327575683594,151.4346261088162,148.568818055862,149.80967642706798,61707600,149.3334197998047,137.29695678710937,-0.004224649985195783,0.018443138536957934,1
2023-02-15,152.9709014892578,153.1383177826238,150.55811427879883,150.78461690781828,65573800,150.33021697998046,137.44951080322267,0.013903229196154276,0.01859750209047172,0
2023-02-16,151.37554931640625,153.9557534849536,151.02101618410566,151.17857477742453,68167900,150.6374740600586,137.59336334228516,-0.01042912186121614,0.015913847564020273,0
2023-02-17,150.233154296875,150.6763169294936,148.55897600306773,150.03619479649413,59144100,150.46863403320313,137.7875262451172,-0.007546760521697005,0.014052330343521238,0
2023-02-21,146.2249298095703,149.0021077790729,146.15600076088242,147.91880821074704,58867200,150.17134857177734,137.94026733398437,-0.026680026163759085,0.015427025437841932,1
2023-02-22,146.64842224121094,147.67262055430007,144.9250004924314,146.60902132895072,51011300,149.62928466796876,138.06784942626953,0.00289617120823471,0.013707259775386333,1
2023-02-23,147.13099670410156,148.05672295415894,145.0038129046831,147.81051980369892,48394200,149.40392303466797,138.21471893310547,0.0032906897702376092,0.012886478334790036,0
2023-02-24,144.4818115234375,144.95451719493005,143.50684198813192,144.8757304118409,55469600,149.0168914794922,138.26278289794922,-0.01800562247255011,0.01385094712310309,1
2023-02-27,145.67347717285156,146.90449291595675,145.2106140512802,145.46667494315656,44998500,148.71258850097655,138.3154067993164,0.008247859276188318,0.01420037048608378,0
2023-02-28,145.17120361328125,146.8158385647427,144.6000106018143,144.8166705381309,50547000,148.0783721923828,138.40243103027345,-0.0034479410344158135,0.012182218093565393,0
2023-03-01,143.10308837890625,144.9939263960711,142.80764165155819,144.60000744430354,55479000,147.30135345458984,138.58005340576173,-0.014246043174541811,0.012589877565419334,1
2023-03-02,143.69400024414062,144.48185327566276,141.7145174362223,142.1872382713636,52238100,146.37366333007813,138.80863067626953,0.0041292740214646795,0.01124998659089185,1
2023-03-03,148.73619079589844,148.81497757802083,145.0923885282298,145.7915968006226,70732300,146.10972747802734,139.18013641357422,0.03508977788349532,0.017051963392443862,1
2023-03-06,151.4936981201172,153.92618602775224,151.1293223291666,151.4542972077173,87558000,146.23578186035155,139.60816833496094,0.01853958548664658,0.01801399652162122,0
2023-03-07,149.2975616455078,151.69064849711955,148.83469862838186,151.3656586110283,56182000,146.5430450439453,139.9303302001953,-0.014496553334304996,0.016262110522082922,1
2023-03-08,150.5482940673828,151.1391876253047,149.52409559763862,150.4892077170001,47204800,146.9330322265625,140.34083129882814,0.0083774470801119,0.016380140344542302,0
2023-03-09,148.3029327392578,152.19293968514444,147.94839958565268,151.22782749973814,53833600,147.05022583007812,140.7137023925781,-0.014914558428141489,0.017299016584613736,0
2023-03-10,146.24464416503906,148.64758887079853,145.36816171354923,147.92868001277867,68572400,147.22650909423828,141.08139694213867,-0.013878947207588754,0.01684032872913449,1
2023-03-13,148.1847381591797,150.81418573238946,145.45680332509693,145.56513330123872,84457100,147.4776351928711,141.56636108398436,0.013266085778506964,0.017141129509117933,1
2023-03-14,150.27249145507812,151.07018694052056,147.820318670502,148.98238986483992,73695900,147.98776397705078,142.02287185668945,0.01408885504562396,0.01743438338888223,1
2023-03-15,150.6664581298828,150.92250395033966,147.64307677577528,148.8937927615987,77167900,148.74410095214844,142.48096939086915,0.0026216819258797486,0.016295177952025293,1
2023-03-16,153.48306274414062,154.08379908219612,149.3369947344381,149.84910153746466,76161100,149.72300720214844,143.0909765625,0.018694304287884433,0.01682304908446004,0
2023-03-17,152.64593505859375,154.35951419092353,151.93686886777078,153.70953434482817,98944600,150.11398162841797,143.65887161254884,-0.005454202376338979,0.013854971607173682,1
2023-03-20,155.00946044921875,155.4230948668754,151.80882025865256,152.71486085947325,73641400,150.46555786132814,144.30038955688477,0.015483709996717332,0.013495445947011488,1
2023-03-21,156.86093139648438,156.9791040860205,154.16253977805687,154.93070734117964,73938300,151.22189483642578,144.8884733581543,0.01194424483447687,0.012364613903983284,0
2023-03-22,155.43296813964844,159.6775078686916,155.41326768087632,156.880643804934,75701800,151.71036224365236,145.43757446289064,-0.009103371018667428,0.0130541283990301,1
2023-03-23,156.51626586914062,159.0964852077447,155.28525006751315,156.41779362123944,67622100,152.5316955566406,145.99693450927734,0.00696954926910287,0.01139493197498245,1
2023-03-24,157.81619262695312,157.90482213956633,155.45264879499626,156.44730394409444,59196500,153.68885040283203,146.52801483154298,0.008305378042301026,0.009149047054909864,0
2023-03-27,155.8761444091797,158.32833330749588,155.47236761782167,157.51093700805714,52390300,154.45799102783204,147.0218670654297,-0.012293087201510011,0.010831134538186054,0
2023-03-28,155.2556610107422,156.08291480553032,153.61102618902072,155.57080817581272,45992200,154.95630798339843,147.4767608642578,-0.003980618078470721,0.010675817949964627,1
2023-03-29,158.3282928466797,158.60403911493316,156.92986104995282,156.94954647836764,51305700,155.7224914550781,147.9699008178711,0.019790787762160367,0.01186555143061729,1
2023-03-30,159.8941650390625,160.0024950198449,158.8207229739758,159.07676882534926,49501700,156.3636016845703,148.5087139892578,0.009890033955580968,0.011037193836576729,1
2023-03-31,162.39556884765625,162.49405610459849,159.45098920585787,159.97293860815142,68749800,157.33856506347655,149.0963754272461,0.015644121897647967,0.011012698829374975,1
2023-04-03,163.6463165283203,163.76448923786776,161.72593486293172,161.775178500926,56976200,158.2022506713867,149.65791961669922,0.007701858428399655,0.010554310403029517,0
2023-04-04,163.114501953125,164.3061166832112,162.60239523685718,164.06977129650792,46278300,158.82760772705078,150.1451092529297,-0.003249780297396865,0.010614912690272501,0
2023-04-05,161.2728729248047,162.54328933366952,159.34264903941414,162.2379998945446,51511700,159.4115982055664,150.5675405883789,-0.011290406470722991,0.010931935964659582,1
2023-04-06,162.15921020507812,162.45465692468338,159.5396056660462,159.96306777674639,45390100,159.97589263916015,151.02087493896485,0.005495885725844918,0.010893560185943644,0
2023-04-10,159.5691680908203,159.5691680908203,157.6487867222166,158.96843186504725,47716900,160.15119018554688,151.38110900878905,-0.015972217125270083,0.012338227140201137,0
2023-04-11,158.35784912109375,159.89415417908276,158.07224508795338,159.88431146406083,47644200,160.39936065673828,151.67837432861327,-0.0075911843385504385,0.011847855351322696,0
2023-04-12,157.66848754882812,159.59871163720814,157.35334033527027,158.77147274218814,50133100,160.64064331054686,152.01947448730468,-0.004353188528965712,0.011868075925352332,1
2023-04-13,163.04554748535156,163.28190788405584,158.96842452673738,159.1752417539843,68445600,161.11236877441405,152.44274688720702,0.03410358036737193,0.014804521589643358,0
2023-04-14,162.70086669921875,163.794009087704,161.33197803499354,162.09027277975596,49386500,161.39303894042968,152.8367056274414,-0.0021140153254647354,0.014673274253170198,1
2023-04-17,162.72055053710938,162.8781241294329,161.53877864877254,162.5826774005875,41516200,161.425537109375,153.1250570678711,0.00012098176420294315,0.01384826728543601,1
2023-04-18,163.94171142578125,164.86743742961687,163.13415809407996,163.57733566867122,49923000,161.4550765991211,153.36546020507814,0.007504650670373536,0.013836667464737754,1
2023-04-19,165.08412170410156,165.60607111909823,163.02585218946155,163.2819130529251,47720200,161.65203857421875,153.6831869506836,0.006968393024477493,0.013925245614720676,0
2023-04-20,164.11895751953125,165.32042968183282,163.0455157599964,163.5674650569094,52456400,161.9366470336914,153.9241848754883,-0.005846499194515409,0.013478136755244103,0
2023-04-21,162.5137481689453,163.9220227028112,161.991798793606,162.5432913390932,58337300,161.97210083007812,154.186767578125,-0.009780767407049251,0.013876539713938466,1
2023-04-24,162.81903076171875,163.08493430890758,161.40089854610392,162.49404087672,41949600,162.29708709716797,154.47610565185548,0.001878503180272828,0.012643510125740925,0
2023-04-25,161.28274536132812,163.78416246885476,161.24334444666383,162.68117729099055,48714100,162.5895767211914,154.7274304199219,-0.00943553952632803,0.012812728827670811,0
2023-04-26,161.2728729248047,162.76979197769046,160.32746143764658,160.58350725145092,45498800,162.95001525878905,154.92262054443358,-6.121198210828904e-05,0.012650676259080857,1
2023-04-27,165.85223388671875,165.9999497127407,162.6811372537476,162.6811372537476,64902300,163.23068389892578,155.22219970703125,0.028395109970225763,0.011090390454670937,1
2023-04-28,167.1029510498047,167.2703823718156,165.33030085507355,165.93103698503495,55275900,163.67089233398437,155.5048406982422,0.007541153554435853,0.011135554610797549,0
2023-05-01,167.01431274414062,167.86125191507637,166.07874407354768,166.70902333840385,52472900,164.1002685546875,155.81761596679686,-0.0005304412944666659,0.011154392611502289,0
2023-05-02,165.98025512695312,167.76277797719564,164.99544284655173,167.50671716698386,48425700,164.3041229248047,156.13255798339844,-0.0061914311426208846,0.01133330663637885,0
2023-05-03,164.90684509277344,168.32414556576836,164.6212560883793,166.925713661642,65136000,164.28639526367186,156.5061962890625,-0.006467094735808643,0.011382109929477947,0
2023-05-04,163.2720489501953,164.50306450874902,161.81453073644045,162.3857237588548,81235400,164.2017044067383,156.8386688232422,-0.009913452298832226,0.011680979623095313,1
2023-05-05,170.9339141845703,171.65282310766082,168.1665784150509,168.3832383689214,113453200,165.0437210083008,157.31472717285158,0.04692698648445437,0.01845320028053603,0
2023-05-08,170.86495971679688,171.20965008439242,169.49607101524845,169.86044681233003,55962800,165.8483139038086,157.84239013671876,-0.00040339840167102903,0.018513044956634576,0
2023-05-09,169.1612548828125,170.90436226614003,168.9938385535857,170.42181373691182,45326900,166.63616485595702,158.31214569091796,-0.00997106040236806,0.018560111800145662,1
2023-05-10,170.92404174804688,171.38690478906514,169.28924951921832,170.39224965147537,53724500,167.60128173828124,158.82720245361327,0.010420748335400853,0.018542731360068225,1
2023-05-11,171.11114501953125,171.9383837832071,169.55513971049686,171.2096322648924,49514700,168.1271728515625,159.38736358642578,0.0010946574254322439,0.016804208464360742,0
2023-05-12,170.18414306640625,171.6535334613317,168.63584185680983,171.2196142676148,45533100,168.43529205322267,159.9171664428711,-0.00541754280832607,0.016935726857974003,0
2023-05-15,169.69107055664062,170.81530899814229,169.09935977781652,170.7659972586019,37266700,168.70296783447264,160.33626403808594,-0.0028972882013644785,0.016990767831102146,0
2023-05-16,169.69107055664062,170.74626955321972,169.42479920138675,169.61217478294208,42110300,169.0740493774414,160.7002114868164,0.0,0.016782045208118126,1
2023-05-17,170.302490234375,170.53916250241704,168.06386972955488,169.3360433616003,57951600,169.61361389160157,161.12031005859376,0.0036031340702178394,0.016494707185322127,1
2023-05-18,172.6298828125,172.8172584115987,170.1940301198803,170.60822168470452,65496700,170.54939727783204,161.5619418334961,0.013666227516238694,0.016068787430799304,1
2023-05-19,172.7383270263672,173.951317433895,172.52136743505932,173.951317433895,55809500,170.7298385620117,162.0506497192383,0.0006281891182478017,0.0069583072985118675,0
2023-05-22,171.79161071777344,172.2945693897219,171.05197977463047,171.57465110395842,43570900,170.82250366210937,162.56158905029298,-0.005480638401975768,0.007256786252423633,0
2023-05-23,169.18809509277344,170.98293990870613,168.91196743614205,170.73639628329747,50747300,170.82518768310547,162.98165618896485,-0.015155080123657294,0.008214957630263708,1
2023-05-24,169.46421813964844,170.03620114077688,168.16247565777167,168.7245872835419,45143500,170.67920532226563,163.36549072265626,0.001632047731984887,0.007412676897770313,1
2023-05-25,170.59837341308594,171.49578098867764,169.3163432435991,170.02639025907388,56058300,170.6279281616211,163.76412902832033,0.006692594377079031,0.007776823668417518,1
2023-05-26,173.00465393066406,173.3399648300078,170.71673600808091,170.92383935626867,54835000,170.90997924804688,164.1545608520508,0.01410494408262375,0.008733401189597555,1
2023-05-30,174.8487548828125,176.51539231960112,174.12885165758402,174.51345913931758,55964400,171.42574768066407,164.59861724853516,0.010659256327795186,0.00899236755955332,0
2023-05-31,174.79946899414062,176.8704419237823,174.31623796446905,174.87836477742368,99625300,171.93658752441405,164.9944174194336,-0.0002818772641812739,0.00900337351143593,1
2023-06-01,177.60020446777344,177.6297885060057,174.4838886927619,175.24324745233199,68901800,172.6663589477539,165.40920288085937,0.016022562824413944,0.009906086103793841,1
2023-06-02,178.44830322265625,179.26683000310032,176.7816656255451,178.52719900186148,61996900,173.24820098876953,165.86950958251953,0.0047753253292943665,0.009350340177977387,0
2023-06-05,177.09722900390625,182.39298156722955,175.57851175717974,180.10506441660397,121946500,173.68409118652343,166.28112884521485,-0.00757123600701437,0.009956357195136576,0
2023-06-06,176.7323455810547,177.62975297431,174.97694105936182,177.4818328127375,64848400,174.17816467285155,166.65945190429687,-0.00206035647708247,0.00970581544549327,0
2023-06-07,175.36155700683594,178.7046879636189,174.86846975629078,175.97298038220674,61944600,174.7955108642578,167.04916015625,-0.007756297070080298,0.008367870293408696,1
2023-06-08,178.0735626220703,178.33981894141047,175.0065588784877,175.44046308150416,50214900,175.6564453125,167.50551818847657,0.015465223173906084,0.009112665361821235,1
2023-06-09,178.45819091796875,179.71062202681557,178.1327514419261,178.9907186665087,48900000,176.4424270629883,167.90811614990236,0.0021599404776033726,0.009132104844465617,1
2023-06-12,181.2490081787109,181.34763164971682,178.46800386072707,178.76385922591572,54274900,177.26686248779296,168.3352130126953,0.01563849351148594,0.009321273408569433,0
2023-06-13,180.7756805419922,181.60406367252176,179.91771337450308,180.27273686584886,54929100,177.85955505371095,168.70281524658202,-0.0026114771135852255,0.009324069334108823,1
2023-06-14,181.4068145751953,181.84073380664427,179.50350482104812,180.83483150172444,57462900,178.5202896118164,169.05802520751953,0.003491255191577114,0.009235430961424661,1
2023-06-15,183.4383544921875,183.9413132306641,181.23918907707676,181.4167083517838,65433200,179.1041046142578,169.46450225830077,0.0111988070665896,0.008629614914952384,0
2023-06-16,182.36338806152344,184.40477651433866,181.72238065098958,184.1483615118621,101256200,179.49561309814453,169.88631256103517,-0.005860096344845078,0.00906811780978076,1
2023-06-20,182.45217895507807,183.52712083284334,181.86048315364175,181.86048315364175,49799100,180.0311080932617,170.29217193603515,0.00048688990974810054,0.008438597127052949,0
2023-06-21,181.41665649414065,182.84660642171352,180.06558727963176,182.3436478270068,49515700,180.49953918457032,170.72912170410157,-0.005675582867072149,0.008751831660974527,1
2023-06-22,184.41465759277344,184.46396933431626,181.13069423738702,181.19973368511316,51245300,181.40484924316405,171.25025787353516,0.016525500781289226,0.008909723195273323,0
2023-06-23,184.09906005859372,184.96689848868263,182.45215034536935,182.98469303577104,53117000,182.0073989868164,171.77886932373048,-0.001711347342447267,0.008321856762912402,0
2023-06-26,182.7085876464844,185.45015206010262,182.66913223239737,184.2470177435845,48088700,182.43243865966798,172.17213012695314,-0.007552849056734812,0.009015901602925746,1
2023-06-27,185.4600067138672,185.78544616190248,183.10304984582174,183.32000947784528,50730800,182.8535385131836,172.6273129272461,0.015059057173089085,0.00892269652592662,1
2023-06-28,186.633544921875,187.27455239917202,185.00636283468697,185.33178721386028,51216800,183.43932495117187,173.1055728149414,0.006327715763638331,0.00881925648571159,1
2023-06-29,186.96885681152344,187.44223149955704,186.3278492789131,186.46591313429835,46347300,183.9955291748047,173.56611572265626,0.0017966324852738413,0.008829930594537542,1
2023-06-30,191.28829956054688,191.79124321876165,188.61575961709715,188.98065447297634,85213200,184.78052368164063,174.09019927978517,0.023102471837744165,0.010661521646617801,0
2023-07-03,189.79916381835935,191.19952989799955,189.10882958307744,191.10090642215079,31458200,185.52410125732422,174.6038034057617,-0.007784771706416782,0.010879455766339476,0
2023-07-05,188.68479919433597,190.31198136153697,187.98460856583768,188.92148652956726,46920300,186.14736328125,175.12722442626952,-0.005871283105808867,0.011289376665927118,1
2023-07-06,189.15814208984372,189.36524537083605,186.5842258571581,187.2153769807983,45094300,186.9215118408203,175.65400665283204,0.0025086435024384013,0.0108444946264714,0
2023-07-07,188.04376220703125,190.0062550438309,187.60985803081866,188.7636804868427,46815000,187.2844223022461,176.1892269897461,-0.0058912604580519945,0.010327333388341187,0
2023-07-10,186.0023956298828,187.36332142042107,184.4540942539423,186.6434031135775,59922200,187.474755859375,176.68381744384766,-0.010855805867683865,0.011070425029155883,0
2023-07-11,185.47972106933597,186.68285528837708,184.02018687082855,186.5447914459214,46638100,187.75186920166016,177.0763671875,-0.002810042089924969,0.010756440696872514,1
2023-07-12,187.14637756347656,189.04968751691854,185.86434744027207,187.05761040387253,60750200,187.9205062866211,177.47723571777342,0.008985653442499908,0.010058239655692892,1
2023-07-13,187.90570068359372,188.54672319895087,187.15621340871894,187.8662603208446,41342300,188.04772186279297,177.8950634765625,0.004057375461940849,0.009948410186941856,1
2023-07-14,188.05364990234372,188.53686585918993,187.00830716161786,187.6000029338883,41616200,188.156201171875,178.3365313720703,0.0007873588625133543,0.009941433588077373,1
2023-07-17,191.3079833984375,191.63342276659654,189.1581153127338,189.2468674000969,50520200,188.15816955566407,178.8645541381836,0.017305346095562335,0.008557649870474915,0
2023-07-18,191.05162048339844,191.6433313227349,189.75973403360663,190.67688432979497,48288200,188.28341522216797,179.42014556884766,-0.0013400534075210802,0.008134864365744534,1
2023-07-19,192.4026641845703,195.48938034906212,189.9865244553515,190.4303150490968,80507300,188.65520172119142,179.84952056884765,0.007071616025833505,0.008003951720977785,0
2023-07-20,190.4599151611328,193.7537348839622,189.8386203157028,192.39280905028917,59581200,188.7853790283203,180.24141967773437,-0.010097308328193555,0.008858815927139597,0
2023-07-21,189.28636169433597,192.2744696321092,188.5861710830146,191.41650251566858,71951700,188.90963897705078,180.64392181396485,-0.006161682188107642,0.008881627386998513,1
2023-07-24,190.08514404296875,192.21528467718613,189.59205676918674,190.73602285584008,45377800,189.3179138183594,181.0271438598633,0.004219967785754619,0.007931994790594553,1
2023-07-25,190.94314575195312,191.7518162507371,190.25282645288883,190.6571617022808,37283200,189.8642562866211,181.4237838745117,0.004513775725631719,0.007753933573616696,1
2023-07-26,191.8109588623047,192.9351972994816,190.64728006234532,190.99243214213982,47471900,190.3307144165039,181.8563201904297,0.004544876994322156,0.007491577187347448,0
2023-07-27,190.5486602783203,194.47363103189025,189.8879250921341,193.3099522093675,47460200,190.59501037597656,182.27347198486328,-0.006580951325573348,0.007983485452909153,1
2023-07-28,193.12257385253903,193.91151654263126,191.4559363697747,191.97860770429688,48291400,191.1019027709961,182.74210205078126,0.013507906959089544,0.008838050583893196,1
2023-07-31,193.73403930664065,193.77349472600892,192.56048886968574,193.3494317308837,38824100,191.3445083618164,183.21073303222656,0.0031662039393101082,0.007225443049682259,0
2023-08-01,192.9056396484375,194.01015053136803,192.58020018161,193.52693454400202,35175100,191.5299102783203,183.6162481689453,-0.004275963383450487,0.00740143665259194,0
2023-08-02,189.91749572753903,192.48154051645844,189.19759252290805,192.34347668203839,50389300,191.2813934326172,183.95983154296874,-0.015490184353055936,0.008671642252252108,0
2023-08-03,188.5270233154297,189.71042999433632,188.0536636534335,188.9215022402868,61235200,191.08810424804688,184.2945397949219,-0.007321455070701588,0.00839761024212399,0
2023-08-04,179.4739227294922,184.78940327661547,179.40488328381886,182.95511789971007,115956800,190.1068603515625,184.50025634765626,-0.04802017465045583,0.01714236057236721,0
2023-08-07,176.37734985351562,180.59817633552169,174.8980878140883,179.61200164257014,97576100,188.7360809326172,184.6385189819336,-0.017253608930383746,0.017179835710983776,1
2023-08-08,177.31422424316406,177.77772758258462,175.12491507972354,177.20574441802665,67823000,187.3731887817383,184.77283599853516,0.00531176134819189,0.017242653160866185,0
2023-08-09,175.72647094726562,178.42857997538025,174.5627769846933,178.36941190145535,60378500,185.76473999023438,184.82727233886717,-0.008954460944549103,0.016738456529706274,0
2023-08-10,175.50949096679688,178.25105509162734,175.14461118800062,176.99860916334498,54686900,184.26082305908204,184.84048706054688,-0.0012347597905945085,0.01689444396335536,1
2023-08-11,175.56871032714844,176.3883422330506,174.34421235488568,175.1045963031813,52036700,182.50543670654298,184.85587188720703,0.00033741400550679757,0.015480772253958353,1
2023-08-14,177.21786499023438,177.44498719165242,175.09471767076215,175.746475363334,43675600,180.85381927490235,184.84822509765624,0.00939321511226554,0.01615190709192342,0
2023-08-15,175.23301696777344,177.23765386072782,174.8380204140677,176.6451590301692,43622600,179.08655700683593,184.7839193725586,-0.011200044772970874,0.0160870443774863,0
2023-08-16,174.36398315429688,176.30935657463468,174.29485048513217,174.9169842350172,46964900,177.5312057495117,184.7292544555664,-0.004959304065605297,0.01599161918696916,0
2023-08-17,171.82611083984375,175.29225282363015,171.31260330101006,174.92688028330798,66062900,175.86111450195312,184.6311297607422,-0.014555026035436014,0.016101132499017835,1
2023-08-18,172.30999755859375,172.9123770667114,169.8116075662743,170.14735612669347,61172200,175.14472198486328,184.57009857177735,0.0028161419494678874,0.008840387191457189,1
2023-08-21,173.64312744140625,173.92951274494206,171.56937297444222,172.88275833759562,46311900,174.87129974365234,184.48148986816406,0.007736810990083054,0.008195576539757278,1
2023-08-22,175.01571655273438,175.46009132134986,174.04796471270419,174.84784230984178,42038900,174.64144897460938,184.4126403808594,0.007904655551607132,0.00847245386064106,1
2023-08-23,178.8571319580078,179.28176749229362,176.1019960768648,176.28962468028294,52722800,174.9545150756836,184.36480285644532,0.021948973960381313,0.010701530397567278,0
2023-08-24,174.17637634277344,178.8374075605793,173.8109887437673,178.41277199096436,54945800,174.82120361328126,184.23281677246095,-0.026170360465879172,0.013914802738529866,1
2023-08-25,176.3784942626953,176.91174101480664,173.62335841851225,175.16386577811136,51449600,174.90218200683594,184.13225036621094,0.012643034412360032,0.014544154045497417,1
2023-08-28,177.93878173828125,178.33377827348758,176.31927183489213,177.8400250704037,43820700,174.97427368164062,184.0222589111328,0.008846245581743517,0.01450821004035098,1
2023-08-29,181.8196563720703,182.58991008586239,177.2573820568172,177.45488030453177,53003900,175.6329376220703,184.01138427734375,0.021810167496241428,0.015284650052957647,1
2023-08-30,185.30555725097656,185.50307057198083,182.43192527543482,182.62942352828824,60813900,176.7270950317383,184.06845184326173,0.019172299345747268,0.015648324388987823,1
2023-08-31,185.52281188964844,186.75719481874472,185.13768501849643,185.4931879048022,60794500,178.09676513671874,184.15057495117188,0.0011724129696639718,0.014036142703069457,1
2023-09-01,187.09295654296875,187.54720101813678,185.92769123419916,187.12258052751662,45766500,179.57506103515624,184.20414093017578,0.008463350880290932,0.01392705965650731,1
2023-09-05,187.32994079589844,187.6064413525269,185.26605625958229,185.92768366781115,45280000,180.94374237060546,184.26875854492187,0.0012666658184712354,0.01410797238675918,0
2023-09-06,180.6248016357422,186.49059214043663,179.20278998997966,186.0462022000218,81755800,181.50465087890626,184.22708282470703,-0.03579320599616109,0.019699077211547292,0
2023-09-07,175.34161376953125,175.98350189646143,171.37183427986267,172.99134398653018,112488800,181.1530990600586,184.02471496582032,-0.02924951511844598,0.0209383300689394,1
2023-09-08,175.953857421875,177.9881329660241,175.56873058484743,176.121746745329,65551300,181.33084716796876,183.81112121582032,0.0034917190459333725,0.019122038587629852,1
2023-09-11,177.11911010742188,178.0473683330804,175.12434339280344,177.82024612940288,58953100,181.4049087524414,183.6141262817383,0.0066224901381559675,0.018813393538451573,0
2023-09-12,174.09738159179688,177.8795329175836,172.63587633671216,177.2475294233725,90370200,181.02076873779296,183.2703079223633,-0.01706043189688755,0.019325418044455176,0
2023-09-13,172.03347778320312,175.08486860955094,171.8063404869434,174.30473020059844,84267900,180.04215087890626,182.91499420166016,-0.01185488138720514,0.017567035261972213,1
2023-09-14,173.54434204101562,173.8998448696545,171.41132506918257,171.82607585790313,60895800,178.86602935791015,182.61218505859375,0.008782385133877746,0.016208480244090787,0
2023-09-15,172.823486328125,174.29487626046748,171.64836639188815,174.27512191376346,109259500,177.59609680175782,182.28549194335938,-0.004153726387232215,0.016017808266634834,1
2023-09-18,175.7465057373047,177.13889330258442,173.96899129951683,174.27511585610648,67257600,176.4614517211914,182.03954681396485,0.016913322785480744,0.017107026251997233,1
2023-09-19,176.83277893066406,177.38578010579235,174.91701409671836,175.3021409914078,51826900,175.41173553466797,181.85615447998046,0.006180909195333095,0.017410168439360153,0
2023-09-20,173.29747009277344,177.45486279571944,173.20858308214417,177.02035765272817,58436200,174.6790023803711,181.61250946044922,-0.019992384100217198,0.01490321476558879,0
2023-09-21,171.7569580078125,174.0973581099587,171.6878404044714,172.36922214048295,63149100,174.3205368041992,181.30472106933593,-0.008889408969076307,0.012225522995037017,1
2023-09-22,172.60621643066406,174.86761425499944,171.87547142547365,172.48772049861157,56725400,173.98577270507812,180.99873138427733,0.004944535771371328,0.01230634715734656,1
2023-09-25,173.880126953125,174.7590070374673,171.97423178505466,172.02361011818323,46172700,173.66187438964843,180.71526092529297,0.00738044404659477,0.012366519639073655,0
2023-09-26,169.8115997314453,173.01111068359924,169.51534481079926,172.63586851438868,64588900,173.2332962036133,180.28533325195312,-0.023398460151668132,0.013359519207030077,0
2023-09-27,168.30072021484375,170.87811270067803,166.93797153448685,170.46336179203436,66921800,172.86002044677736,179.83031524658202,-0.008897386980577293,0.013158389701358152,1
2023-09-28,168.55747985839844,169.8807348967939,165.52582779726043,167.2243401117975,56294400,172.36133422851563,179.3534115600586,0.0015256003849948296,0.012682241359753908,1
2023-09-29,169.07093811035156,170.9077001905232,168.211797495528,169.87081569769032,51861100,171.98607940673827,178.92563201904298,0.0030461908447163566,0.0128030870259848,1
2023-10-02,171.57920837402344,172.12233981703872,168.79443355791753,169.08081880430257,52164500,171.56934967041016,178.5714889526367,0.014835608601371453,0.012472505257320549,0
2023-10-03,170.24609375,171.46073744550782,168.6858469308082,170.1078434596355,49594600,170.91068115234376,178.17470794677735,-0.007769674639816482,0.012192267842743706,1
2023-10-04,171.4903564453125,172.03348795172127,168.8339619515459,168.9524578917983,53020300,170.72996978759767,177.78565216064453,0.007308612302962203,0.011156709341779326,1
2023-10-05,172.7247314453125,173.2579782200924,170.52258153582127,171.61871413723316,48527900,170.82674713134764,177.4039276123047,0.007197926609906036,0.011050668964836323,1
2023-10-06,175.27252197265625,175.76627518846593,171.01635659512883,171.62862082907643,57266700,171.09337768554687,177.0984048461914,0.014750583231622594,0.011881187986572622,1
2023-10-09,176.75376892089844,176.81301689163445,173.60362121945622,174.6009972191987,42390800,171.38074188232423,176.7710287475586,0.008451107632680088,0.011943745754235539,0
2023-10-10,176.16122436523438,177.47460937430563,175.7267192412531,175.87485420705488,43698000,172.0157043457031,176.41957244873046,-0.00335237296088009,0.008426715980542798,1
2023-10-11,177.5536651611328,177.60304349794123,175.38115395493855,175.9736487921809,47551100,172.94099884033204,176.1125329589844,0.007904354666674607,0.007222766616278737,1
2023-10-12,178.45225524902344,180.06188013769966,176.80310660532254,177.82025187235598,56743100,173.93047637939452,175.88322814941407,0.00506094924638778,0.007098055274441036,0
2023-10-13,176.61550903320312,179.6570151987734,175.91437292525092,179.1533924067404,51427100,174.6849334716797,175.64499786376953,-0.010292647819200695,0.008727523658125864,0
2023-10-16,176.48712158203125,176.84262444155877,174.3047260977915,174.5417330268598,52517000,175.17572479248048,175.58526184082032,-0.0007269319205015501,0.008020703950602457,0
2023-10-17,174.93673706054688,176.19087429527403,172.61610626933813,174.44298390478113,57549400,175.64478912353516,175.55644958496094,-0.008784689259968226,0.008175010588533725,0
2023-10-18,173.64312744140625,175.36139405816417,172.92225196490105,173.38638119353993,54764400,175.86006622314454,175.48302764892577,-0.007394728179324073,0.008576729483149734,0
2023-10-19,173.2678680419922,175.61812287122567,173.00123711265553,173.84060845589931,59302900,175.9143798828125,175.43385559082031,-0.0021610956042051876,0.008367450938314324,0
2023-10-20,170.72010803222656,173.2283676109075,170.48310107616433,173.11974130623128,64244000,175.45913848876953,175.3380679321289,-0.014704168975797405,0.007904662569334586,1
2023-10-23,170.83860778808594,171.8359838309846,167.80695589693704,168.77472302133776,55980100,174.86762237548828,175.24346588134765,0.0006941171560002068,0.0070321484356273885,1
2023-10-24,171.27308654785156,171.50020876645127,169.3079436842464,170.8879597127696,43816600,174.37880859375,175.1245703125,0.0025432117797667964,0.007277189911467354,0
2023-10-25,168.96234130859375,170.89784530264086,168.51795139973865,169.73259505065448,57157000,173.5196762084961,174.9991567993164,-0.013491584030116854,0.006921445689630632,0
2023-10-26,164.80496215820312,169.2388718478027,163.60020300099617,168.24148062117436,70625300,172.15494689941406,174.80797637939452,-0.024605359503142576,0.008371254875112843,1
2023-10-27,166.1182861328125,166.8490461099926,164.74565318394508,164.82465548430088,58499100,171.105224609375,174.6938198852539,0.007968958928243008,0.009679150625202491,1
2023-10-30,168.1624298095703,169.0314401165317,166.7601727667049,166.90830774256386,51131000,170.27275543212892,174.61086853027345,0.012305350147445493,0.011230891662226144,1
2023-10-31,168.636474609375,168.76484019690602,165.80232095364974,167.23421730907862,44846000,169.64272918701172,174.51073547363282,0.0028189697326657104,0.011367810837652075,1
2023-11-01,171.79644775390625,172.05319393081336,167.9945430130093,168.86355325507674,56934900,169.45806121826172,174.44635009765625,0.01873837289264335,0.013247602562398651,1
2023-11-02,175.3515167236328,175.55888462715336,173.26787764016203,173.32712561259646,77334800,169.6664260864258,174.37623779296874,0.02069349521603092,0.014892313729363704,0
2023-11-03,174.44300842285156,174.61089777938133,171.1842491912974,172.06312932936157,79829200,170.0387161254883,174.3815704345703,-0.005181068962255564,0.014035291031196044,1
2023-11-06,176.9907684326172,177.1882666996337,174.0085099439187,174.1763842242903,63841300,170.6539321899414,174.39381591796874,0.014605113915427514,0.01454427821961273,1
2023-11-07,179.54840087890625,180.1606499568927,176.73400192517136,176.9413698079054,70530000,171.48146362304686,174.42600830078126,0.01445065451118599,0.014926946771845404,1
2023-11-08,180.6050262451172,181.15802736111343,179.32126504404005,180.07177947416378,49340300,172.6457321166992,174.40171569824219,0.005884905468601653,0.013470956245897487,0
2023-11-09,180.13104248046875,181.81966995293175,179.53853262491765,180.67417400336535,53763500,174.17834014892577,174.29822540283203,-0.002624421781070141,0.008748437124253303,1
2023-11-10,184.3136749267578,184.48178544542026,181.475802800193,181.9108804268445,66133400,175.9978790283203,174.27404266357422,0.023219942485718903,0.009819124750643874,0
2023-11-13,182.7315826416016,183.9478113332898,182.14818998578377,183.7401702602705,43627500,177.45479431152344,174.18681518554686,-0.008583694540217457,0.011472959864380641,1
2023-11-14,185.342041015625,186.00454008995078,184.21480130754796,185.59912547957174,60108400,179.12535095214844,174.1470571899414,0.014285753651810618,0.011425865810546597,1
2023-11-15,185.9056396484375,187.3789678351275,185.67821821290843,185.74744196041772,53790500,180.53627014160156,174.25267395019532,0.003040856946023407,0.011096650462045722,1
2023-11-16,187.58665466308597,188.82266388785246,186.5385061665612,187.4482222334322,54412900,181.75978393554686,174.4975747680664,0.009042302416577552,0.010187801195148763,0
2023-11-17,187.5668487548828,188.24912816814668,186.4593894684262,188.12057839811112,50922700,183.07216796875,174.72983459472655,-0.00010558271449923051,0.009635260354484691,1
2023-11-20,189.30715942382807,189.7620174322178,187.75473976876387,187.76462241033667,46505100,184.3038070678711,174.9735955810547,0.009278348921986312,0.009330272396996069,0
2023-11-21,188.5062255859375,189.37638084971888,187.61630503925363,189.2676114417462,38134500,185.19958953857423,175.2617724609375,-0.004230869240911317,0.009494553937274285,1
2023-11-22,189.16873168945312,190.77059476808083,188.69410838615653,189.34672485819107,39617700,186.05596008300782,175.6044775390625,0.0035145051653140413,0.009497397649100967,0
2023-11-24,187.84371948242188,188.76330300712377,187.13177703645835,188.73363999587542,24048300,186.8272277832031,175.89046508789062,-0.007004393354005489,0.009961535189142725,0
2023-11-27,187.6657257080078,188.53588093642713,186.78568783853885,187.79427548166112,40552600,187.1624328613281,176.18730987548827,-0.0009475630854440809,0.007465712300340871,1
2023-11-28,188.2689208984375,188.94131776896225,187.28011350908017,187.65586514519703,38415400,187.7161666870117,176.43775817871094,0.0032142000791781644,0.006508183512700882,0
2023-11-29,187.25045776367188,189.9400151741752,186.85494082777598,188.7633319210795,43014200,187.9070083618164,176.6461117553711,-0.005409619016805478,0.0056383179166413725,1
2023-11-30,187.82394409179688,188.18981305356235,186.08364867108205,187.71517468500207,48794400,188.09883880615234,176.93664123535157,0.0030626698325555424,0.005639182482157193,1
2023-12-01,189.09954833984372,189.41595888840573,187.1120356441701,188.19972990986238,45704800,188.25012817382813,177.2834930419922,0.006791488988344474,0.005320253533439122,0
2023-12-04,187.30975341796875,187.92282418358675,185.35191925319242,187.85360043262926,43389500,188.22441864013672,177.5775637817383,-0.009464829173776779,0.006243560471312751,1
2023-12-05,191.25511169433597,192.22413865175915,188.05137051787239,188.08104861869373,66628400,188.4192138671875,177.9250634765625,0.021063282634105063,0.008802418709412323,0
2023-12-06,190.16741943359372,192.58009647341478,189.95976327032974,192.27356863697858,41089700,188.58533325195313,178.33217987060547,-0.00568712779023961,0.008911031257266047,1
2023-12-07,192.0955810546875,192.81740609388598,191.42318430562543,191.4627450433353,47477700,188.87801818847657,178.80807708740235,0.010139284777785473,0.009360808191552144,1
2023-12-08,193.51950073242188,193.79636559429088,191.50232520965804,192.0263919187675,53406400,189.44559631347656,179.3073175048828,0.007412558216677523,0.00899560075732557,0
2023-12-11,191.01779174804688,191.3243346926335,189.27749628821252,190.9485830810774,60943700,189.78080291748046,179.7462545776367,-0.012927425788650138,0.01028727990561292,1
2023-12-12,192.5306701660156,192.54055280703432,189.57413099725628,190.9189094878757,52696900,190.20697784423828,180.16528381347655,0.007920091652845684,0.010464283837985358,1
2023-12-13,195.7442779541016,195.78382360297798,192.6690869899489,192.90639105920806,70404200,191.05635986328124,180.6752474975586,0.016691407064209463,0.01097866784365153,1
2023-12-14,195.89259338378903,197.38568681182426,193.96442237725344,195.80360435764135,66831600,191.86322479248048,181.16329223632812,0.0007576999503515758,0.011036246227816633,0
2023-12-15,195.35867309570312,196.1793699091571,194.79504567055722,195.3191123528845,128538400,192.4891372680664,181.61597106933593,-0.002725576699267318,0.011203692425777333,0
2023-12-18,193.69747924804688,194.42920214917604,192.21426816132805,193.89523770867535,55751900,193.1279098510742,181.98447021484375,-0.008503302266198665,0.011085298823567924,1
2023-12-19,194.73570251464844,194.74558515548247,193.69745188302565,193.96443406555753,40714100,193.47596893310546,182.34410888671874,0.00536002466646468,0.009271150319227754,0
2023-12-20,192.6493225097656,195.46741418063525,192.64932250976562,194.69614571593394,52242800,193.72415924072266,182.6738708496094,-0.01071390596557864,0.00984345209236312,0
2023-12-21,192.50100708007807,194.8741537657828,191.33422165280876,193.9051267903215,46482500,193.7647018432617,182.97281768798828,-0.0007698725734164302,0.00935229505537158,0
2023-12-22,191.43310546875,193.2228443252002,190.81015202156473,192.9954077755279,37149600,193.5560623168945,183.2324346923828,-0.0055475118157892744,0.009145161250348564,0
2023-12-26,190.8892517089844,191.719846217368,190.6717128965979,191.44298138124012,28919300,193.54320831298827,183.51790954589845,-0.00284095981431165,0.008196085830209053,1
2023-12-27,190.9881134033203,191.3342019743918,188.9511728919884,190.33551208827305,48087700,193.38895263671876,183.80792938232423,0.0005179007903841626,0.007717893706361449,1
2023-12-28,191.41331481933597,192.48122849088116,191.00790021395272,191.96704448132198,34049900,192.9558563232422,184.1374609375,0.002226323976077582,0.004933242615375039,0
2023-12-29,190.3750762939453,192.2241411947973,189.5840274029703,191.72973752393827,42672100,192.40410461425782,184.47209991455077,-0.005424066378927672,0.00490534204467363,0
2024-01-02,183.56219482421875,186.33085840634024,181.83178197139316,185.05528848269014,82488700,191.22445678710938,184.6779864501953,-0.03578662502652008,0.011511282589015332,0
2024-01-03,182.187744140625,183.79950485996184,181.37691491631995,182.15808112880916,58414500,190.0734832763672,184.9073391723633,-0.007487656621832928,0.011492660093447075,0
2024-01-04,179.8739471435547,181.04073256447913,178.85547678867908,180.1112512492328,71983600,188.58730773925782,185.08804595947265,-0.012700069414572468,0.010904997496657277,0
2024-01-05,179.15211486816406,180.71443234786256,178.1534248404595,179.95306152436652,62379700,187.23758697509766,185.24562652587892,-0.004012989578832893,0.010915517168117206,1
2024-01-08,183.4830474853516,183.52260821958473,179.46849297664804,180.05188555859277,59144500,186.33579101562503,185.53604064941408,0.024174610611628067,0.014728140612564396,0
2024-01-09,183.06781005859372,183.07769270137814,180.68478049118508,181.8614637667107,42841800,185.4992614746094,185.90129760742187,-0.0022630833335761658,0.014743460063040652,1
2024-01-10,184.10601806640625,184.31365913260458,181.8614214601624,182.28661640904596,46792900,184.82093811035156,186.26105224609375,0.005671166369883629,0.015082705162039592,0
2024-01-11,183.51272583007807,184.9563909902637,181.56477442626638,184.45208965863696,49128400,184.07339935302733,186.5680581665039,-0.003222557538092974,0.015018000660431626,1
2024-01-12,183.8390655517578,184.64989484239166,183.11724039185432,183.97749798089004,40477800,183.31597442626952,186.87210998535156,0.0017782947760358603,0.01499840692797725,0
2024-01-16,181.57467651367188,182.19761480887055,178.90488492167398,180.1211286782067,65603000,182.43593444824216,187.06767456054686,-0.012317235356314571,0.0152314333393191,0
2024-01-17,180.6353302001953,180.88253205239923,178.28197882705663,179.2411232206481,47317400,182.14324798583982,187.17335083007814,-0.005173333261622726,0.01066141574456391,1
2024-01-18,186.51873779296875,187.0230241166397,183.7500741577492,184.00715864056133,78005800,182.5763473510742,187.41486541748046,0.032570636022603905,0.014876942896629051,1
2024-01-19,189.41590881347656,189.80154302609114,186.7065866846462,187.21087293560348,68903000,183.5305435180664,187.66336822509766,0.015532868465599536,0.014351953494465294,1
2024-01-22,191.7198486328125,193.14373357255337,190.10808789018887,190.14764863184953,60133900,184.78731689453122,187.90679718017577,0.012163391310519245,0.014098307146484733,1
2024-01-23,192.99539184570312,193.55901922053994,191.660511110776,192.83719415255706,42355600,185.7385513305664,188.1546044921875,0.0066531620068905895,0.012734512633999532,0
2024-01-24,192.3230133056641,194.18197579456825,192.16480052192722,193.23271418014866,53631300,186.66407165527343,188.3984439086914,-0.003483909815715114,0.012818934825605078,0
2024-01-25,191.99668884277344,194.07318996151886,190.9485556432544,193.03493940214616,54822100,187.45313873291016,188.5521041870117,-0.0016967520281726545,0.012987803594786542,0
2024-01-26,190.26629638671875,192.58010181757646,189.7916731135176,192.09559590318426,44594000,188.1284957885742,188.70279846191406,-0.009012616136686136,0.01347922459885447,0
2024-01-29,189.58401489257807,190.04875551955823,187.4580852833725,189.86087972294905,47145600,188.70299072265624,188.78763793945313,-0.003585929337447835,0.013669655567694792,0
2024-01-30,185.935302734375,189.65322753238257,185.37169046557113,188.80285272092348,55859400,189.13905334472656,188.78823120117187,-0.019245885051387357,0.014679854976381669,0
2024-01-31,182.3360748291016,185.00586682539145,182.28664653050623,184.94652570867123,55467800,189.3091278076172,188.6832196044922,-0.019357420846622286,0.016115698244208974,1
2024-02-01,184.7685394287109,184.85752846784007,181.76257176566293,181.93066720224104,64885400,189.1341079711914,188.62725341796875,0.013340555904196139,0.012728418061816528,0
2024-02-02,183.7698516845703,185.23328233515724,177.2437171517322,177.84689023760967,102551700,188.5695022583008,188.5165072631836,-0.00540507462595341,0.011381358819552366,1
2024-02-05,185.5793609619141,187.13179578344227,183.75995901240586,186.04410163536497,69668800,187.95545349121093,188.45796997070312,0.009846605744938453,0.011058226054081915,1
2024-02-06,187.1812286376953,187.19111127921153,184.67954732588265,184.76853636353553,43490800,187.37403717041016,188.41821990966798,0.008631712424691296,0.01126968181679495,1
2024-02-07,187.2899932861328,188.91163664571195,186.49894443287428,188.50622203381667,53439000,186.87073516845703,188.40714538574218,0.0005810660034080151,0.011323346486505072,0
2024-02-08,186.21218872070312,187.41851968576853,185.25304448034683,187.27020463334281,40962000,186.29228515625,188.3780746459961,-0.005754736526596305,0.011360416114727424,1
2024-02-09,186.9745330810547,188.10321111496148,186.13296840440984,186.77650719907678,45155200,185.9631088256836,188.35218688964844,0.004093955210928701,0.011345217189447728,0
2024-02-12,185.2914123535156,186.796321504533,184.9349868995182,186.54880424779185,41781900,185.53384857177736,188.31300598144531,-0.009001871537282824,0.01157300418035098,0
2024-02-13,183.20237731933597,184.36077144619387,181.68757282391297,183.92513863049606,56529500,185.26055603027345,188.2205746459961,-0.011274321932383868,0.010494806010525737,0
2024-02-14,182.3212432861328,183.68754366253546,180.62823335709768,183.4796375835875,54630500,185.25907287597656,188.08500854492186,-0.004809621174660106,0.008564349786322705,0
2024-02-15,182.0340881347656,182.65783644316613,179.5490203671251,181.72716915991907,65434500,184.98562774658203,187.9794952392578,-0.0015749955747973443,0.007173533239728127,0
2024-02-16,180.49948120117188,183.0142649801448,179.86583763061847,181.59845842120637,49752500,184.6585906982422,187.76438262939453,-0.00843032724979298,0.007417712556160944,0
2024-02-20,179.7569580078125,180.6183133605895,178.2124525032785,179.98466968931257,53665600,184.07635040283202,187.55617340087892,-0.004113713726034529,0.006202879196676946,1
2024-02-21,180.50938415527344,181.0737156195715,178.8658660184515,180.13315310757224,41371400,183.40916595458984,187.3244494628906,0.00418579706621558,0.005366294317264956,1
2024-02-22,182.5390472412109,183.12319953047427,180.64802661628633,181.6578862880503,52292200,182.93407135009767,187.1048403930664,0.011244086258648922,0.00707798034783123,0
2024-02-23,180.70741271972656,183.20237592421455,180.42028422645075,183.17267506039363,45119700,182.38359375,186.8986328125,-0.010034206648750543,0.007415051289477247,0
2024-02-26,179.3609161376953,180.9450175834942,178.85597124394113,180.43019254491847,40867400,181.62223205566406,186.6352377319336,-0.007451252617509563,0.0070841349196276255,1
2024-02-27,180.8163146972656,182.09349711935678,177.77679547469845,179.30151026553332,54318900,181.17472229003906,186.33667846679688,0.00811435730208343,0.0078061362251792875,0
2024-02-28,179.61831665039062,181.30143093346823,178.34113428414614,180.69748823755316,48953900,180.81631622314453,186.0111929321289,-0.006625497532569136,0.007344658060378285,0
2024-02-29,178.95497131347656,180.75690414056305,177.74708592784262,179.46981142225187,136682600,180.4796890258789,185.6831188964844,-0.0036930829176247126,0.0073047262036906755,0
2024-03-01,177.8758087158203,178.73716395290236,175.61845249589473,177.76690051629518,73563100,180.06386108398436,185.36668548583984,-0.006030358305977868,0.0074218441318588315,0
2024-03-04,173.361083984375,175.14319605787904,172.06408093389737,174.40064432483445,81510100,179.3500213623047,184.9391931152344,-0.025381330738786234,0.01034273388643792,0
2024-03-05,168.4305419921875,170.33147275577412,167.93550746706842,169.0641855800497,95132400,178.21737976074218,184.4548175048828,-0.028440881187798084,0.012918363411255209,0
2024-03-06,167.4404754638672,169.53943215491887,167.00484265804033,169.36121186741923,68587700,176.91048889160157,183.9536068725586,-0.005878188816647256,0.0123819566241099,0
2024-03-07,167.32167053222656,169.0344857697736,166.81674075207243,167.47017484778516,71765100,175.3887512207031,183.47137817382813,-0.000709535321800181,0.010864138203776446,1
2024-03-08,169.03448486328125,171.9749911536114,167.26226790901475,167.32166963491963,76267000,174.2214584350586,183.03428283691406,0.010236655692035912,0.012357922791322794,1
2024-03-11,171.034423828125,172.64824117092596,170.34137853305091,171.22253935977105,60139500,173.38880920410156,182.63520904541016,0.011831544116346127,0.013645249602567057,1
2024-03-12,171.50967407226562,172.30173241116674,169.31171935776177,171.43046672764987,59825400,172.45814514160156,182.23713623046876,0.002778681820323037,0.013186961751447642,0
2024-03-13,169.43052673339844,171.4700666239107,169.06419090034882,171.05423942259554,52488700,171.43936614990236,181.8182452392578,-0.012122624278273264,0.01336674664339871,1
2024-03-14,171.2819366455078,172.57892461566286,170.34137411890524,171.1928340614332,72913500,170.67206268310548,181.57264007568358,0.010927251114686065,0.01437701824759115,0
2024-03-15,170.90574645996094,170.90574645996094,168.59888333023403,169.47014909109436,121752700,169.97505645751954,181.3470001220703,-0.0021963214155235056,0.014376242989855726,1
2024-03-18,171.99481201171875,175.94519331439105,171.79680120539754,173.82644596151624,75604200,169.83842926025392,181.1894174194336,0.006372316755381524,0.012485740284479428,1
2024-03-19,174.3313751220703,174.8561105550952,171.31166123855039,172.6086493883763,55215200,170.4285125732422,181.0930026245117,0.013585079009199141,0.008580485295421556,1
2024-03-20,176.8956298828125,176.8956298828125,173.3511809805003,173.97492929704185,53423100,171.37402801513673,180.96125427246093,0.014709083542458368,0.008554746815109655,0
2024-03-21,169.66810607910156,175.7273381457555,169.1433707597941,175.29170540355622,106181300,171.60867156982422,180.6932601928711,-0.04085755995497986,0.017033434881939973,1
2024-03-22,170.56907653808594,171.33143385532912,168.37112227286767,170.05423645695066,71160100,171.7621307373047,180.42252136230468,0.0053101934111547955,0.016823471616331194,0
2024-03-25,169.15330505371094,170.2324767040703,167.76719930445816,168.87608692531137,54288300,171.5740188598633,180.13533294677734,-0.00830028228510038,0.016590713978363807,0
2024-03-26,168.0246124267578,169.71762191427138,167.89589862566189,168.3117257823714,57388400,171.2255126953125,179.81904388427733,-0.006672601676891432,0.016622015049127085,1
2024-03-27,171.5888671875,171.87599567632833,168.42064920188324,168.71767294274684,60273300,171.44134674072265,179.6193276977539,0.021212694433655477,0.017659839070975018,0
2024-03-28,169.7770538330078,170.51960569647457,168.81668554767697,170.04437673388762,65672700,171.29085845947264,179.40216217041015,-0.010559037915393255,0.01768018155314003,0
2024-04-01,168.34144592285156,169.54933141950085,167.79690490268092,169.48992969134684,46240500,171.03442840576173,179.0386163330078,-0.008455841809861475,0.01784749911720165,0
2024-04-02,167.1632537841797,167.65828830624176,166.55931106297376,167.40087579338118,49329500,170.5512725830078,178.59356323242187,-0.0069988239213046866,0.017703666458724975,1
2024-04-03,167.9652099609375,168.98497988400436,166.90584392266877,167.11374996517486,47691700,169.91465606689454,178.11847045898438,0.004797442970290611,0.01700985410078312,0
2024-04-04,167.14346313476562,170.21266810452119,167.14346313476562,168.59885072968464,53704400,168.93943939208984,177.60143188476562,-0.0048923632838192566,0.015750726682128475,1
2024-04-05,167.89590454101562,168.69785802201392,167.27215623034843,167.90579979250484,42104800,168.76221923828126,177.11288970947265,0.00450176986965567,0.009892059233700866,0
2024-04-08,166.7771453857422,167.51969724864153,166.56923932419392,167.35138730592178,37425500,168.38302612304688,176.60849884033203,-0.00666340944010424,0.009766486526563603,1
2024-04-09,167.98501586914062,168.39094781013864,166.67813256359855,167.02464767080627,42373800,168.26619720458984,176.16287322998048,0.00724242209929149,0.009923828346322619,0
2024-04-10,166.11378479003906,167.4107728345435,165.45044033625643,167.12365945587084,49709300,168.07511444091796,175.6934686279297,-0.011139273758554946,0.010317785523772485,1
2024-04-11,173.3016815185547,173.7175238179071,166.49001666248702,166.66822184170525,91070300,168.24639587402345,175.44079620361327,0.04327092262451804,0.01626234608647994,1
2024-04-12,174.79669189453125,176.5887144383463,172.47993396851362,172.52942533467058,101670900,168.74835968017578,175.29000854492188,0.008626635142120698,0.015859399054785582,0
2024-04-15,170.9750213623047,174.8758957155582,170.78690583147454,173.6185038309996,73531800,169.0117172241211,175.01413818359376,-0.021863517500276708,0.017427445505721957,0
2024-04-16,167.69790649414062,172.0343988146065,166.59892920522176,170.04436539186383,73711200,169.0651824951172,174.69269927978516,-0.019167214263536736,0.018493600045502098,0
2024-04-17,166.33160400390625,168.95528100035153,166.33160400390625,167.9256158132339,50901200,168.90182189941407,174.307744140625,-0.00814740338026887,0.018609823830630094,0
2024-04-18,165.38113403320312,166.96525061902096,164.89600984807865,166.36130787024413,43122900,168.7255889892578,173.87174224853516,-0.005714307731204293,0.018631595822971157,0
2024-04-19,163.36138916015625,164.74747975255278,162.45052746983075,164.559379327856,68149400,168.2721374511719,173.39317016601564,-0.012212667937331778,0.01884117515240573,1
2024-04-22,164.1930389404297,165.59893510418706,163.13367296874276,163.8762247169617,48116400,168.01372680664062,172.95278717041015,0.005090858889906347,0.01892436650028567,1
2024-04-23,165.24252319335938,165.39104261951863,163.28219064755024,163.70792820716713,49537800,167.7394775390625,172.51814697265624,0.006391770684690545,0.01888306234656509,1
2024-04-24,167.3414764404297,167.6186945681344,164.55938480415762,164.88609429896647,48251800,167.86224670410155,172.15914825439452,0.012702258513773712,0.019033390324560907,1
2024-04-25,168.2028350830078,168.9156860278579,166.4801094484109,167.84640961058278,50558300,167.35236206054688,171.85915740966797,0.005147311120353049,0.012191346218181891,0
2024-04-26,167.61866760253906,169.63840150907166,167.49984906174126,168.19290937676217,44838400,166.63455963134766,171.56510589599608,-0.003472994258274298,0.011499426202431249,1
2024-04-29,171.77699279785156,174.28186646983917,171.38097119165224,171.64827897757164,68169400,166.71475677490236,171.3599639892578,0.024808246329536487,0.012887312438118269,0
2024-04-30,168.6384735107422,173.2521991943247,168.31174889120035,171.60868084411632,65934800,166.8088134765625,171.12274383544923,-0.018270894349645572,0.012737241436750268,0
2024-05-01,167.61866760253906,170.99480617347464,167.43055209459067,167.89588568564642,50383100,166.9375198364258,170.87997802734375,-0.006047290911573411,0.01259289445208956,1
2024-05-02,171.31167602539062,171.6978024171198,169.19292849767666,170.79683580066592,94214900,167.53057403564452,170.69602386474608,0.0220322024728683,0.013969287078016845,1
2024-05-03,181.5588531494141,185.14289799826793,180.84600228009177,184.796367814728,163224100,169.3503204345703,170.67641998291015,0.05981598780520181,0.021461130835432735,0
2024-05-06,179.9054412841797,182.37070337959045,178.62824383792136,180.5390848280799,78569700,170.92156066894532,170.6603805541992,-0.009106754292360075,0.02233410263470727,1
2024-05-07,180.58860778808597,183.06378067502382,179.5193463953144,181.62818342205114,77305800,172.45616912841797,170.68493438720702,0.0037973643211111074,0.022387933683553653,1
2024-05-08,180.92523193359372,181.25195654794928,179.6480343404535,181.03414013837894,45057100,173.81454467773438,170.68711273193358,0.0018640386546573406,0.022458582084761647,1
2024-05-09,182.737060546875,182.82616313989396,180.30148392023486,180.74701199258516,48983000,175.2679672241211,170.74948760986328,0.010014239550325987,0.022441255882875318,0
2024-05-10,181.4779510498047,183.50042466657956,180.56585391849484,183.3120539854214,50759500,176.65389556884764,170.79994720458984,-0.006890279909845254,0.022669428141084778,1
2024-05-13,184.68023681640625,185.49320196467926,183.03448917069318,183.8474543189662,72044800,177.94421997070313,170.93603576660155,0.01764559136841215,0.022194608679040596,1
2024-05-14,185.82034301757807,186.6828817403559,184.6901339480471,185.89965779253163,52393600,179.66240692138672,171.18522094726563,0.006173406645050061,0.020308693080586585,1
2024-05-15,188.09068298339844,189.01268886802714,185.76085876781028,186.2962297111884,70400000,181.70960845947266,171.57842376708984,0.012217930119769571,0.019518058760288323,1
2024-05-16,188.20962524414065,189.45881387860598,188.03117836935675,188.83421956137332,52845200,183.39940338134767,171.9938067626953,0.0006323665736953643,0.01943921322117053,1
2024-05-17,188.2393951416016,189.17132485957902,187.55531842828847,187.88248620977504,41282900,184.0674575805664,172.41216125488282,0.00015817414982000066,0.008263035095015393,1
2024-05-20,189.39930725097656,190.27175449259957,187.38674246856843,187.70400151197455,44361300,185.0168441772461,172.81945770263673,0.006161898833676238,0.006950162760741131,1
2024-05-21,190.69808959960935,191.07481584379752,189.28036268210627,189.44890089382775,42309400,186.02779235839844,173.2127310180664,0.006857376447062524,0.006950010948226882,0
2024-05-22,189.26055908203125,191.16408357860647,188.63597976159812,190.6188039117619,34648500,186.8613250732422,173.56774871826173,-0.007538253375250603,0.008043966933694803,0
2024-05-23,185.2750701904297,189.35968258649532,185.02721720275102,189.3398501117122,51005900,187.11512603759766,173.88463958740235,-0.021058211552012485,0.01111206408088984,1
2024-05-24,188.3484344482422,188.94328765804346,186.42509288132968,187.19840810516956,36327000,187.80217437744142,174.22596954345704,0.016588115468819664,0.011625823161360713,1
2024-05-28,188.3583526611328,191.34249703943843,187.47599667367734,189.86528785982966,52280100,188.16998596191405,174.57502166748046,5.2658854954978906e-05,0.01057912143582816,1
2024-05-29,188.65577697753903,190.59895109353056,187.8824768517226,187.98162409974876,53068000,188.45352935791016,174.90824096679688,0.0015790343895250025,0.010478204391745117,1
2024-05-30,189.6471710205078,190.52952698465035,188.99285067972127,189.12172393667825,49889100,188.6091781616211,175.2145568847656,0.005255042060476223,0.009907459213025048,1
2024-05-31,190.5989532470703,190.9162123421418,188.27905284340878,189.7959119633218,75158300,188.84811096191407,175.48862335205078,0.005018699838446716,0.009992560184657199,1
2024-06-03,192.36366271972656,193.31542486412093,190.86663609575578,191.24336235629542,50080500,189.26053771972656,175.94253448486327,0.009258757420187225,0.01028635374662338,1
2024-06-04,192.680908203125,193.64257895328527,191.37223723797064,192.96841099700254,47471400,189.5886978149414,176.38477111816405,0.0016491965213860649,0.01019264443891264,1
2024-06-05,194.18785095214844,195.20900403542353,193.19643901671662,193.72188613227584,54156800,189.93767395019532,176.88546203613282,0.007820924050424338,0.010250510497069543,0
2024-06-06,192.8097686767578,194.8124248113502,192.50243342955554,194.0093836485974,41181800,190.29259490966797,177.3811651611328,-0.007096645174420324,0.010206366316041373,1
2024-06-07,195.19911193847656,195.2486855650071,192.47272888451312,192.978343568532,53103900,191.28499908447264,177.85337005615236,0.01239223135900569,0.006734582282489269,0
2024-06-10,191.4614715576172,195.60558138834554,190.49980075281104,195.20900753042525,97010200,191.59630279541017,178.28705841064453,-0.01914783496575234,0.009112359220568493,1
2024-06-11,205.3709716796875,205.38089548057218,191.96709351098235,191.98691085726122,172373300,193.2975646972656,179.02764892578125,0.07264908186963592,0.024162676697271065,1
2024-06-12,211.2401580810547,218.3089152196564,205.1231328450552,205.58909768640683,198134300,195.55600280761718,179.90918701171876,0.028578461470792682,0.024750351558185595,1
2024-06-13,212.40008544921875,214.88852380834695,209.782758705521,212.8957913864929,97862700,197.83129425048827,180.79788452148438,0.005491036262711857,0.024743701017796677,0
2024-06-14,210.6651153564453,213.32209192759066,209.48533280144244,212.01343611534222,70122700,199.8379104614258,181.66831756591796,-0.008168405813510082,0.02547757658373034,1
2024-06-17,214.8092193603516,217.06963733267014,210.8931452933454,211.5375569916551,93728300,202.08246612548828,182.6065838623047,0.019671524622832948,0.02564061893152751,0
2024-06-18,212.44964599609372,216.7523850703462,211.17073132176122,215.7213082393038,79943300,204.05933990478516,183.5200338745117,-0.010984506955912243,0.026471354801107787,0
2024-06-20,207.87924194335935,212.4000929584359,207.05638337080816,212.0927425591543,86172500,205.42847900390626,184.3179183959961,-0.021512881470362233,0.028315551810497885,0
2024-06-21,205.70806884765625,210.07027533194446,205.33132746963062,208.58315742215362,241805100,206.7183090209961,185.10980407714842,-0.0104443958685142,0.028522230134112654,1
2024-06-24,206.3524475097656,210.87328281107088,204.8157562235364,205.93605637703942,80727000,207.833642578125,185.77081939697266,0.0031324909407737245,0.028472662901107757,1
2024-06-25,207.2745056152344,209.5646648210329,206.81844945769743,207.35380525957078,55549700,209.41494598388672,186.42037567138672,0.004468365248855077,0.02710855997732196,1
2024-06-26,211.4185943603516,213.01476817493463,208.8310086144187,209.68362348048936,66213200,210.01970825195312,187.22924713134765,0.019993239075961844,0.01609442385492168,1
2024-06-27,212.2613220214844,213.88723714823547,210.52635096614495,212.84625148948237,49772700,210.1218246459961,188.12051544189453,0.0039860621705603005,0.013410678297120724,0
2024-06-28,208.8111724853516,214.21437951883613,208.4939285392998,213.91695291908772,82542700,209.76293334960937,188.97010681152344,-0.016254254441059213,0.014259018064978354,1
2024-07-01,214.88851928710935,215.6419868499251,210.09999821846176,210.2685364182596,60402900,210.18527374267578,189.96025451660157,0.029104509732035933,0.01696864069256282,1
2024-07-02,218.3782958984375,218.48735180877674,213.2526983679821,214.293668724795,58046200,210.54218139648438,191.0605926513672,0.016239939773913692,0.016604967998633438,1
2024-07-03,219.64732360839844,219.64732360839844,217.1489612238199,218.11063203893852,37369800,211.26194915771484,192.16967834472655,0.005811143935984919,0.01600997155779167,1
2024-07-05,224.39617919921875,224.50523511983306,219.74645469045154,219.74645469045154,60412400,212.91364288330078,193.35275146484375,0.021620366289037518,0.014250274178284516,1
2024-07-08,225.86346435546875,225.89320550199054,221.3327047505454,225.13972278278513,59085900,214.92918243408204,194.52319122314452,0.006538815239573781,0.012774479551821613,1
2024-07-09,226.7160797119141,227.42989753320916,224.4259205051531,225.97252074204383,48076100,216.96554565429688,195.69345611572265,0.0037749148977166413,0.01274067098682542,1
2024-07-10,230.9791412353516,231.07828847688273,227.28117906796422,227.3307526887298,62627700,219.33600921630858,196.9606655883789,0.01880352522350659,0.012913383086492347,0
2024-07-11,225.61561584472656,230.39421338925845,223.83107137940016,229.40280147827102,64710600,220.7557113647461,198.0374380493164,-0.02322082142109949,0.016333131431222035,1
2024-07-12,228.5601043701172,230.64207551688347,226.71607753741577,226.9540218514806,53046500,222.38558959960938,199.2358706665039,0.013050907466516382,0.016420759999516147,1
2024-07-15,232.38694763183597,235.1926451763578,231.08820043911544,234.44908623752588,62631300,224.7431671142578,200.53123626708984,0.016743268788159904,0.01428272660990067,1
2024-07-16,232.80337524414065,234.2409196318231,230.3347538954296,232.98182214446476,43234300,226.53465270996094,201.76107025146484,0.001791957838201963,0.012952937700860251,0
2024-07-17,226.91436767578125,229.47221227385296,224.69359950369105,227.47946461019197,57345900,227.3882598876953,202.6681805419922,-0.02529605750854602,0.016288376717481328,0
2024-07-18,222.25473022460935,228.46097889584826,220.36114484151935,228.3023493485251,66034600,227.6490005493164,203.51516632080077,-0.020534783667068957,0.017997076313123462,1
2024-07-19,222.3835906982422,224.85221166233242,221.3624376981624,222.88922042587495,49151500,227.44774169921874,204.35106597900392,0.0005797873165742651,0.016531211643728908,0
2024-07-22,222.03663635253903,225.82382229500527,221.17409763275575,225.06043082550624,48201800,227.06505889892577,205.1732940673828,-0.0015601616315924494,0.016330149095137435,1
2024-07-23,223.07757568359372,224.9910084270489,220.76758424988336,222.44307270253879,39960300,226.70120849609376,205.98010437011717,0.00468814222803271,0.016365978743159672,0
2024-07-24,216.6631622314453,222.86941075843336,215.26528287042115,222.07627816799848,61777600,225.2696105957031,206.68380859375,-0.0287541830795508,0.016718009022649766,0
2024-07-25,215.6221923828125,218.95333716975932,212.77682977395946,217.04981289629316,51391200,224.27026824951173,207.30264770507813,-0.004804553934834699,0.015619201382721725,1
2024-07-26,216.0881500244141,217.6050090608147,214.15488466672127,216.8217851678197,41601300,223.0230728149414,207.90800384521484,0.002160991113448807,0.014613844617522874,1
2024-07-29,216.36575317382807,217.41664743865044,213.8971319294418,215.09674706599597,36311800,221.42095336914062,208.47350524902345,0.0012846754872148924,0.012690751832941034,1
2024-07-30,216.9209442138672,218.43780333279796,214.26395224147618,217.3075942808937,41643800,219.83271026611328,209.04773162841798,0.002565983904084357,0.012752842884978148,1
2024-07-31,220.1727600097656,221.89782218872546,218.7352157578384,219.53825698895486,50036300,219.1585494995117,209.68639892578125,0.014990787577857656,0.012682461203679241,0
2024-08-01,216.48471069335935,222.55214689360594,215.15622233135366,222.44309097566543,62501000,218.58154754638673,210.22810699462892,-0.01675070665527678,0.012144125484670172,1
2024-08-02,217.9718170166016,223.6625266661827,215.8402875210575,217.26790792406092,105568600,218.14037017822267,210.77358154296874,0.006869336492537181,0.012482945586153878,0
2024-08-05,207.4727935791016,211.6664621054212,194.3167520967801,197.3802115476467,119548600,216.6839859008789,211.13782623291016,-0.048166884972566715,0.019214633168561358,0
2024-08-06,205.45030212402344,208.18660889381388,199.3432157724579,203.53688424769564,69660500,214.92125854492187,211.54133087158203,-0.009748224912713988,0.01881107471563821,1
2024-08-07,208.01806640625,211.80525225793107,204.61751548926864,205.12313014700663,63516400,214.05674896240234,211.93472351074217,0.012498225875941849,0.018278355166892305,1
2024-08-08,211.4780731201172,212.36042911915672,207.03655197769595,211.27979376271134,47161100,213.6423370361328,212.39711791992187,0.016633202940700142,0.019385421822988427,1
2024-08-09,214.38291931152344,214.91827509282652,210.1495861717322,210.2784745623819,42201600,213.47181396484376,212.91166076660156,0.013735921405697349,0.019982346847032567,1
2024-08-12,215.91146850585935,217.8767320905019,213.9958359256548,214.4623401059105,38028100,213.42638549804687,213.4369467163086,0.007129995240501064,0.02012884669911128,1
2024-08-13,219.62364196777344,220.23902400333975,217.38044783379533,217.38044783379533,44155300,213.6966552734375,214.01744049072266,0.01719303512501158,0.020856292301535583,1
2024-08-14,220.07028198242188,221.37053243582614,218.06530765715263,218.9288446755302,41960600,213.68640747070313,214.57157287597656,0.002033660905750745,0.020316289451338707,1
2024-08-15,223.04795837402344,223.67327566716008,221.1025352094067,222.9288560878089,46414000,214.34273223876954,215.17891387939454,0.013530570165032119,0.019767856793642877,1
2024-08-16,224.3680877685547,225.1422830006272,221.98593577772976,222.25393109506462,44340200,214.98235931396485,215.78251861572267,0.005918589903959326,0.0197503710361309,0
2024-08-19,224.20925903320312,224.30852103873067,221.38045847347976,224.0405257400108,40687800,216.656005859375,216.41050842285156,-0.0007078936088067422,0.00865358963668991,1
2024-08-20,224.82464599609372,225.47973889834265,223.7725353535306,224.0901616619868,30299000,218.59344024658202,217.0030191040039,0.0027446991508921492,0.006458652043184734,0
2024-08-21,224.7154693603516,226.28371522001356,223.37552309496598,224.8345868015738,34765500,220.2631805419922,217.66809906005858,-0.00048560795129204415,0.006977364821161639,0
2024-08-22,222.85939025878903,226.64103964823346,222.23407290784718,226.09512887719345,43695300,221.40131225585938,218.01786743164064,-0.008259685489591995,0.007850773107084015,1
2024-08-23,225.15220642089844,226.5219434569281,222.66088738350675,223.9809934126029,38677300,222.47824096679688,218.2961083984375,0.010288173899457131,0.007506480160954052,1
2024-08-26,225.48963928222656,225.58890128123517,222.22412549030662,225.07276614784877,30602200,223.4360580444336,218.55789947509766,0.0014986877841087765,0.0075349872754604886,1
2024-08-27,226.33334350585935,227.14724957253156,223.21670725505913,224.31844891527626,35934600,224.10702819824218,218.87126403808594,0.003741654057004329,0.006046126547759328,0
2024-08-28,224.8048095703125,228.149730282918,224.00082364270057,226.22416240429726,38052200,224.58048095703126,219.07117584228516,-0.006753463329221221,0.006798757489064627,1
2024-08-29,228.0802459716797,231.18696212304621,227.1770283167567,228.3879521456165,51906300,225.08370971679688,219.38378784179687,0.014570134898927556,0.006997134058984984,0
2024-08-30,227.296142578125,228.6857199244299,225.787447784096,228.47729089511273,52990800,225.37651519775392,219.77212585449217,-0.003437840003259418,0.007077987170202391,0
2024-09-03,221.11248779296875,227.2961293418145,219.52438650802387,226.84948058831634,50190600,225.06683807373048,220.08021423339844,-0.02720527816714191,0.011499966570362475,0
2024-09-04,219.20677185058597,220.12984491677884,215.86183603349318,220.01074262314262,43840200,224.5050506591797,220.33730072021484,-0.008618762157690196,0.011613481090166713,1
2024-09-05,220.7253875732422,223.80231295165626,219.87178579311316,219.9809679444758,36615400,224.10604248046874,220.606318359375,0.00692777741232975,0.011984641586967146,0
2024-09-06,219.17698669433597,223.56409767944487,218.13479623481732,222.28368749781316,48423000,223.73780212402343,220.76148620605468,-0.00701505565775673,0.011915498877798018,1
2024-09-09,219.26632690429688,219.6236489368284,215.09757995493325,219.17700018247805,67180000,223.1492141723633,220.90158630371093,0.00040761674529954384,0.011208843132233592,0
2024-09-10,218.47227478027344,219.83207646515766,215.1174187834135,217.29112653781655,51591000,222.44747772216797,221.09480834960937,-0.0036214047785367853,0.011117974514224178,1
2024-09-11,221.0032958984375,221.43008920211523,216.26878297144034,219.81222755985956,44587100,221.9144729614258,221.21710388183592,0.011585090697250333,0.011903235663190605,1
2024-09-12,221.11248779296875,221.8866830044339,218.1844402475294,220.84449248276735,37455600,221.5452407836914,221.27178771972658,0.0004940736023295589,0.011823412008408795,0
2024-09-13,220.844482421875,222.37301734416337,220.25887596851652,221.91644846858938,36766600,220.82166442871093,221.2957308959961,-0.001212077046253035,0.010393264971159315,0
2024-09-16,214.71047973632807,215.60377723416104,212.32832783334672,214.92882889414335,59357400,219.56309814453124,221.10201690673827,-0.027775213662930787,0.012988515400602472,1
2024-09-17,215.1769561767578,215.2861383219032,212.90400170360138,214.14470101422842,45519300,218.96954498291015,220.88828674316406,0.0021725834761423535,0.010676184230531181,1
2024-09-18,219.0479278564453,221.05290200683174,215.92135678137058,215.93129206794552,59894900,218.9536605834961,220.7349237060547,0.0179897129714377,0.01223031552942026,1
2024-09-19,227.1670837402344,228.11002736409566,222.95864123060412,223.31596324984213,66781300,219.59783020019532,220.65868255615234,0.0370656593889811,0.01693631222248458,0
2024-09-20,226.50205993652344,231.35567496568984,225.9263736470506,228.25889437635817,318679900,220.33033752441406,220.6764114379883,-0.002927465514640404,0.016715383237801917,0
2024-09-23,224.7849578857422,227.74278104335218,224.12986496132828,225.64847983003366,54146000,220.8822006225586,220.6009085083008,-0.007580955560679947,0.017062522097918326,1
2024-09-24,225.67825317382807,227.64353192764617,224.05045616714196,226.94872814757065,43556100,221.60279846191406,220.46673461914062,0.003973999401418737,0.016922343194598292,0
2024-09-25,224.6856842041016,225.59883710649478,222.35317851779175,223.2563961324406,42308700,221.97103729248047,220.30438079833985,-0.004398159573496652,0.01681558295330013,1
2024-09-26,225.8271331787109,226.7998372114188,223.73283210674714,225.60876888531146,36636700,222.4425018310547,220.28263610839844,0.0050802033901387045,0.01683913091155399,1
2024-09-27,226.09510803222656,227.81224676693589,225.60876359989413,226.76013618443497,34026000,222.96756439208986,220.35944366455078,0.0011866370960109673,0.01680155397021638,1
2024-09-30,231.26634216308597,231.26634216308594,227.94126208675945,228.32835965023514,54541900,224.62315063476564,220.53709869384767,0.022871941705710608,0.014081909232416496,0
2024-10-01,224.52688598632807,227.9412778656533,222.07526286618742,227.81225543239978,63285000,225.55814361572266,220.58690368652344,-0.029141534880183007,0.018268320687733926,1
2024-10-02,225.09262084960935,225.67822726420644,221.36060293586246,224.209243584203,32880600,226.16261291503906,220.62720458984376,0.0025196753644716186,0.01763480895612323,0
2024-10-03,223.9908905029297,225.12240767637772,221.65838486968212,223.46483520314058,34044200,225.8449935913086,220.77375915527344,-0.004894564479818064,0.012967215449811621,1
2024-10-04,225.1125030517578,226.30357145139808,222.46237094034984,226.20430944090455,37245100,225.70603790283204,220.96356536865235,0.005007402516726156,0.013100758561284998,0
2024-10-07,220.0405120849609,224.01074997862722,219.68319006872073,222.8296017820206,39505400,225.2315933227539,221.04261260986328,-0.022530916310902316,0.0147438038758648,1
2024-10-08,224.0901641845703,224.298593199742,221.58890998571715,222.63110049734397,31855700,225.07278442382812,221.1971008300781,0.01840412050143647,0.016045675322008148,1
2024-10-09,227.8321228027344,228.04056698162543,223.15717559100585,223.55419337095574,33591100,225.3874282836914,221.41532440185546,0.01669845096405953,0.016855710385505537,0
2024-10-10,227.3358154296875,227.7923994519787,225.47973405841245,226.0851959438118,28183500,225.53829650878907,221.55858551025392,-0.0021783906805653563,0.01684165185716212,0
2024-10-11,225.85693359375,227.70309500312143,225.64848941975737,227.5939128444124,31759200,225.5144790649414,221.74602996826172,-0.006505274292756158,0.016996679962515387,1
2024-10-14,229.5790100097656,230.0058033150611,226.89910245149323,226.99834931201846,39882100,225.3457458496094,221.978173828125,0.01647979699711377,0.016140621560178994,1
2024-10-15,232.11004638671875,235.7229623804217,230.6410474142004,231.87182665313995,64751400,226.10406188964845,222.47091888427735,0.011024685474710916,0.012931413612062606,0
2024-10-16,230.055419921875,230.39288648800354,228.1298522341637,229.87676649695567,34082200,226.600341796875,222.96302124023438,-0.008851949740342313,0.013504953262860947,1
2024-10-17,230.4226837158203,232.11004699556463,228.8048220166126,231.69315867439417,32993800,227.24352111816407,223.41111358642578,0.0015964144381819256,0.013276645589150782,1
2024-10-18,233.25146484375,234.42267769537074,232.2688255608399,234.42267769537074,46431500,228.0574172973633,223.84658142089845,0.012276487203049857,0.01359904991305022,1
2024-10-21,234.720458984375,235.08771628667242,232.7055644739604,232.7055644739604,36254500,229.5254119873047,224.25333221435548,0.006297898886118647,0.01001869104009359,0
2024-10-22,234.1051025390625,234.46242459274853,230.86936376892484,232.1497589598997,38846600,230.52690582275392,224.61720489501954,-0.002621656620710122,0.009437951704857669,0
2024-10-23,229.04299926757807,233.39041424004768,226.06532109909307,232.33830371042365,52287000,230.6479934692383,224.80559204101561,-0.021623207766860886,0.0114621789979053,0
2024-10-24,228.8544464111328,229.10258628095696,226.71051430099084,228.26882480795348,31109500,230.79985656738282,224.98127532958983,-0.0008232203431154383,0.0114337944069056,1
2024-10-25,229.6881866455078,231.48471683213373,227.86188088691335,228.03061417648678,38802300,231.1829818725586,225.11407989501953,0.003643102624613981,0.011168031977836725,1
2024-10-28,231.66339111328125,232.98349712196287,230.81972458948547,231.58399967772363,36087100,231.39141998291015,225.25998596191405,0.008599503947592568,0.010252929785503836,1
2024-10-29,231.93138122558597,232.5864741436605,230.59143496071306,231.36563017470797,35417200,231.37355346679686,225.41442840576173,0.0011568082078781128,0.00963180347571235,0
2024-10-30,228.3879547119141,231.73287549326048,227.8420439394486,230.8792736886572,47070900,231.2068069458008,225.48569458007813,-0.015277908901104698,0.010463817818730561,0
2024-10-31,224.22915649414065,228.11998854510134,223.6931657962317,227.63362885925932,64370100,230.58745422363282,225.4759683227539,-0.01820935882113095,0.01177751524653401,0
2024-11-01,221.2514495849609,223.67329727363756,218.63109301833273,219.32588166379162,65276700,229.3874526977539,225.44380950927734,-0.013279748966355087,0.010918136696366484,0
2024-11-04,220.35812377929688,221.13231895883285,218.0752491010658,219.34572401852256,44944500,227.9512191772461,225.34792785644532,-0.004037604306501907,0.01017094872369845,1
2024-11-05,221.78741455078125,222.28369429475046,219.49460455688452,220.14969745378525,28111300,226.71945037841797,225.27388336181642,0.006486217739428035,0.010912460553630259,0
2024-11-06,221.06285095214844,224.387931303672,219.54423614319148,220.95366880237512,54561100,225.921435546875,225.1684735107422,-0.0032669283786925796,0.009291983790809174,1
2024-11-07,225.7874298095703,226.18446269494834,222.89909318788202,222.95864433437472,42137700,225.61473388671874,225.18812591552734,0.02137210678805812,0.012198827437431278,0
2024-11-08,225.51914978027344,227.20835428792034,224.9726384261151,225.72780810336752,38328800,225.1978302001953,225.13690399169923,-0.0011881973656511224,0.012077189315358478,0
2024-11-11,222.80648803710935,224.26715706282306,220.093823487321,223.5716039938927,42005600,224.31213989257813,225.04711090087892,-0.012028520619233762,0.011870187040906359,0
2024-11-12,222.80648803710935,224.1578547832826,221.94201602014732,223.12446381828886,40398300,223.39965057373047,225.08099090576172,0.0,0.011821755380405996,1
2024-11-13,223.6908416748047,225.2111273985325,221.34582330978657,222.58788780053936,48566200,222.92993927001953,225.1706723022461,0.003969155680727088,0.011327753433340623,1
2024-11-14,226.7711639404297,227.41703140021204,223.57160465201176,223.59148192887395,44923900,223.18414001464845,225.29158782958984,0.013770444254946668,0.010748252988933244,0
2024-11-15,223.5715789794922,225.4793879673537,222.84621765747355,224.96268496170848,47923700,223.41615295410156,225.37947967529297,-0.014109311366316435,0.010874709984005245,1
2024-11-18,226.5724334716797,228.28151537171908,223.74052045447314,223.82001439888424,44633700,224.03758392333984,225.52560180664062,0.013422343331317421,0.01135002699557774,1
2024-11-19,226.83074951171875,228.69881907074455,225.22103903072198,225.53899960732684,36211800,224.5419174194336,225.69277130126954,0.0011401035690044026,0.011285063216227288,1
2024-11-20,227.5461883544922,228.47027695087482,224.45593165289552,226.61215353970658,35169600,225.19025115966798,225.82362915039062,0.0031540646244545556,0.011113982255545208,0
2024-11-21,227.0692443847656,228.69883223369175,224.2770861035494,227.42695953023323,42108300,225.3184326171875,225.94276428222656,-0.002096031461461201,0.009084227795517479,1
2024-11-22,228.41067504882807,229.25528492407807,226.61216818417898,226.61216818417898,38168300,225.60758514404296,226.09408813476563,0.005907584127903487,0.009205060302368789,1
2024-11-25,231.3916015625,231.76919395430343,228.28148292479264,229.99056458191066,90152800,226.46609649658203,226.42771057128905,0.013050732033582424,0.00856011648403687,1
2024-11-26,233.56771850585935,234.07449047305911,231.84870566104107,231.84870566104107,45986200,227.54221954345704,226.7955258178711,0.009404476777311155,0.008610154360251416,0
2024-11-27,233.43853759765625,234.1937224347506,232.32565277909848,232.9814664022851,33498400,228.5169891357422,227.08333801269532,-0.0005530768936283792,0.008773592836061364,1
2024-11-29,235.8233184814453,236.3002669685808,232.48464874765904,233.31931239062584,28481400,229.42220458984374,227.25646270751952,0.010215883411244464,0.00841224755303916,1
2024-12-02,238.06895446777344,239.26133321145704,235.654388648958,235.76369091824088,48137100,230.87194213867187,227.48780059814453,0.009522535772919394,0.0056350826491029914,1
2024-12-03,241.1095123291016,241.2188145923816,237.38331948353385,238.28754591958514,38861000,232.32565002441407,227.81429168701172,0.012771752907159373,0.005546999513561968,1
2024-12-04,241.4672393798828,242.5602620666903,239.71841824290905,241.32812877991805,44383900,233.78929901123047,228.1300714111328,0.0014836704173368798,0.005512779559238288,1
2024-12-05,241.4970550537109,242.98753231090083,240.59284370740727,242.4410361127995,40033900,235.18438568115235,228.466298828125,0.00012347709736793,0.0057808768485140116,0
2024-12-06,241.2983245849609,243.0769692456264,240.5431549096241,241.36788746709487,36870600,236.60729370117187,228.77572265625,-0.0008229105266140957,0.0055941851119184925,1
2024-12-09,245.1835174560547,245.67041216886827,240.21525975684386,240.29475369946152,44649200,238.28457794189453,229.15749084472657,0.01610120119058589,0.0064207813627406175,1
2024-12-10,246.197021484375,246.63423054379348,243.78244060146582,245.32260336553807,36914800,239.76511993408204,229.45610443115234,0.004133654818383015,0.0061192361831149044,0
2024-12-11,244.92514038085935,249.2077755123232,244.69658964103184,246.3858091597837,45205800,240.90086212158204,229.86406951904297,-0.005166110848324634,0.006958642649200317,1
2024-12-12,246.38584899902344,247.16089600762038,244.12030947937123,245.32263454558526,32777500,242.19559326171876,230.28993408203124,0.0059638982584340194,0.006704095285137951,1
2024-12-13,246.5547637939453,247.7073880681415,244.676762972136,246.24673423955153,33155300,243.26873779296875,230.74121154785155,0.0006855701965355898,0.006625521809417359,1
2024-12-16,249.44625854492188,249.78411156803347,246.07778066556844,246.41563368868003,51694800,244.4064682006836,231.22788665771483,0.011727596362295811,0.0068450594350821115,1
2024-12-17,251.87078857421875,252.2185726786221,248.19428090188288,248.49237939681157,51356400,245.48259582519532,231.8644921875,0.009719648807080539,0.00650475716445474,0
2024-12-18,246.47525024414065,252.66569465886903,246.16722071424974,250.559158393614,56774100,245.9833969116211,232.3121939086914,-0.02142185030912469,0.010468858741744247,1
2024-12-19,248.20420837402344,250.4001849209636,245.52135228225407,245.92875304737495,60882300,246.65411224365235,232.71963562011717,0.007014733236583304,0.010550466892057596,1
2024-12-20,252.87437438964844,253.38113119374523,244.13023820234332,246.46531011815415,147495300,247.81171722412108,233.2304067993164,0.01881582123937009,0.011580049152831671,1
2024-12-23,253.6494140625,254.02699130961165,251.84096111600803,253.15258832932108,40858800,248.65830688476564,233.7862564086914,0.0030649197836760678,0.010873343913924074,1
2024-12-24,256.5608215332031,256.5707374276886,253.66927695641888,253.868019379837,23234700,249.69468688964844,234.32589263916014,0.011478076862364572,0.011168404879166207,1
2024-12-26,257.37554931640625,258.44870970386563,255.9943897750778,256.55083207826743,27237100,250.93972778320312,234.8312026977539,0.003175573645010754,0.010693522505004828,0
2024-12-27,253.96739196777344,257.05766400729357,251.45345479939442,256.19316170058187,42355300,251.69788208007813,235.30944213867187,-0.013241962407404051,0.012133410132971154,0
2024-12-30,250.5989227294922,251.8906728018858,249.15813098648073,250.62873106361576,35557500,252.1022979736328,235.7129669189453,-0.013263392643370064,0.013197226711698998,0
2024-12-31,248.8302154541016,251.6720594492945,247.84649497663966,250.83739579916153,39480700,252.0406936645508,236.02454193115236,-0.0070579205055075755,0.012946985546879999,0
